movie_id,year,genres
1,1995,"[1, 2, 3]"
2,1995,"[4, 2, 5]"
3,1995,"[3, 6, 0]"
4,1995,"[3, 7, 0]"
5,1995,"[3, 0, 0]"
6,1995,"[8, 9, 10]"
7,1995,"[3, 6, 0]"
8,1995,"[4, 2, 0]"
9,1995,"[8, 0, 0]"
10,1995,"[8, 4, 10]"
11,1995,"[3, 7, 6]"
12,1995,"[3, 11, 0]"
13,1995,"[1, 2, 0]"
14,1995,"[7, 0, 0]"
15,1995,"[8, 4, 6]"
16,1995,"[7, 10, 0]"
17,1995,"[7, 6, 0]"
18,1995,"[10, 0, 0]"
19,1995,"[3, 0, 0]"
20,1995,"[8, 0, 0]"
21,1995,"[8, 3, 7]"
22,1995,"[9, 7, 10]"
23,1995,"[10, 0, 0]"
24,1995,"[7, 12, 0]"
25,1995,"[7, 6, 0]"
26,1995,"[7, 0, 0]"
27,1995,"[7, 0, 0]"
28,1995,"[6, 0, 0]"
29,1995,"[4, 12, 0]"
30,1995,"[7, 0, 0]"
31,1995,"[7, 0, 0]"
32,1995,"[7, 12, 0]"
33,1995,"[4, 6, 0]"
34,1995,"[2, 3, 7]"
35,1995,"[7, 6, 0]"
36,1995,"[7, 0, 0]"
37,1995,"[13, 0, 0]"
38,1995,"[3, 0, 0]"
39,1995,"[3, 6, 0]"
40,1995,"[7, 0, 0]"
41,1995,"[7, 14, 0]"
42,1995,"[8, 9, 7]"
43,1995,"[7, 0, 0]"
44,1995,"[8, 4, 0]"
45,1995,"[3, 7, 0]"
46,1995,"[7, 6, 0]"
47,1995,"[9, 10, 0]"
48,1995,"[1, 2, 15]"
49,1995,"[7, 6, 0]"
50,1995,"[9, 10, 0]"
51,1994,"[8, 7, 10]"
52,1995,"[3, 0, 0]"
53,1994,"[7, 0, 0]"
54,1995,"[2, 3, 0]"
55,1995,"[7, 0, 0]"
56,1995,"[4, 2, 5]"
57,1995,"[7, 0, 0]"
58,1994,"[7, 6, 0]"
59,1995,"[7, 16, 0]"
60,1995,"[4, 2, 5]"
61,1996,"[7, 10, 0]"
62,1995,"[7, 0, 0]"
63,1996,"[3, 0, 0]"
64,1996,"[3, 6, 0]"
65,1996,"[3, 0, 0]"
66,1996,"[12, 10, 0]"
67,1995,"[7, 0, 0]"
68,1995,"[3, 6, 0]"
69,1995,"[3, 0, 0]"
70,1996,"[8, 3, 9]"
71,1995,"[8, 0, 0]"
72,1995,"[3, 7, 0]"
73,1995,"[7, 15, 0]"
74,1996,"[7, 6, 0]"
75,1996,"[3, 7, 0]"
76,1995,"[12, 10, 0]"
77,1995,"[13, 0, 0]"
78,1995,"[7, 0, 0]"
79,1996,"[7, 10, 0]"
80,1995,"[7, 0, 0]"
81,1995,"[9, 7, 6]"
82,1995,"[7, 0, 0]"
83,1995,"[7, 0, 0]"
84,1995,"[3, 7, 0]"
85,1995,"[7, 6, 0]"
86,1996,"[4, 7, 0]"
87,1996,"[2, 3, 0]"
88,1996,"[3, 0, 0]"
89,1995,"[8, 10, 0]"
90,1995,"[7, 0, 0]"
92,1996,"[7, 10, 0]"
93,1995,"[3, 6, 0]"
94,1996,"[7, 0, 0]"
95,1996,"[8, 10, 0]"
96,1995,"[3, 0, 0]"
97,1995,"[7, 0, 0]"
98,1994,"[8, 10, 0]"
99,1995,"[13, 0, 0]"
100,1996,"[7, 10, 0]"
101,1996,"[3, 0, 0]"
102,1996,"[3, 0, 0]"
103,1996,"[10, 0, 0]"
104,1996,"[3, 0, 0]"
105,1995,"[7, 6, 0]"
106,1994,"[3, 7, 0]"
107,1996,"[4, 2, 3]"
108,1995,"[13, 0, 0]"
109,1995,"[3, 0, 0]"
110,1995,"[8, 7, 14]"
111,1976,"[7, 10, 0]"
112,1995,"[8, 4, 9]"
113,1996,"[7, 16, 0]"
114,1995,"[7, 0, 0]"
115,1995,"[3, 0, 0]"
116,1995,"[13, 0, 0]"
117,1995,"[9, 0, 0]"
118,1996,"[3, 6, 0]"
119,1995,"[3, 0, 0]"
120,1996,"[7, 0, 0]"
121,1993,"[7, 0, 0]"
122,1992,"[3, 6, 0]"
123,1994,"[7, 16, 6]"
124,1995,"[7, 0, 0]"
125,1996,"[3, 0, 0]"
126,1994,"[4, 2, 5]"
127,1994,"[7, 0, 0]"
128,1994,"[13, 0, 0]"
129,1995,"[3, 6, 0]"
130,1995,"[7, 0, 0]"
131,1995,"[7, 6, 0]"
132,1995,"[10, 0, 0]"
133,1995,"[3, 7, 0]"
134,1995,"[13, 0, 0]"
135,1996,"[3, 0, 0]"
136,1995,"[13, 0, 0]"
137,1995,"[13, 0, 0]"
138,1995,"[7, 0, 0]"
139,1995,"[8, 7, 0]"
140,1996,"[7, 6, 0]"
141,1996,"[3, 0, 0]"
142,1988,"[7, 0, 0]"
143,1995,"[7, 0, 0]"
144,1995,"[3, 0, 0]"
145,1995,"[8, 0, 0]"
146,1995,"[4, 2, 0]"
147,1995,"[7, 0, 0]"
148,1995,"[7, 0, 0]"
149,1994,"[9, 7, 10]"
150,1995,"[7, 0, 0]"
151,1995,"[7, 6, 14]"
152,1995,"[11, 0, 0]"
153,1995,"[8, 4, 3]"
154,1967,"[7, 0, 0]"
155,1995,"[7, 14, 0]"
156,1995,"[3, 0, 0]"
157,1994,"[3, 14, 0]"
158,1995,"[4, 2, 0]"
159,1995,"[7, 0, 0]"
160,1995,"[8, 4, 16]"
161,1995,"[7, 10, 14]"
162,1994,"[13, 0, 0]"
163,1995,"[8, 6, 10]"
164,1995,"[9, 17, 16]"
165,1995,"[8, 10, 0]"
166,1995,"[3, 7, 0]"
167,1995,"[7, 0, 0]"
168,1995,"[8, 4, 7]"
169,1995,"[4, 2, 7]"
170,1995,"[8, 9, 10]"
171,1995,"[3, 0, 0]"
172,1995,"[8, 12, 10]"
173,1995,"[8, 4, 12]"
174,1995,"[3, 0, 0]"
175,1995,"[7, 0, 0]"
176,1995,"[3, 0, 0]"
177,1995,"[11, 0, 0]"
178,1993,"[3, 0, 0]"
179,1995,"[7, 6, 0]"
180,1995,"[3, 0, 0]"
181,1995,"[8, 2, 0]"
182,1995,"[7, 6, 0]"
183,1994,"[10, 0, 0]"
184,1994,"[7, 0, 0]"
185,1995,"[12, 10, 0]"
186,1995,"[3, 0, 0]"
187,1995,"[3, 0, 0]"
188,1995,"[11, 0, 0]"
189,1995,"[3, 0, 0]"
190,1995,"[10, 0, 0]"
191,1995,"[7, 0, 0]"
192,1995,"[13, 0, 0]"
193,1995,"[7, 0, 0]"
194,1995,"[7, 0, 0]"
195,1995,"[3, 7, 6]"
196,1995,"[11, 12, 0]"
197,1995,"[7, 0, 0]"
198,1995,"[8, 9, 12]"
199,1964,"[7, 15, 0]"
200,1995,"[10, 0, 0]"
201,1995,"[7, 0, 0]"
202,1995,"[7, 6, 0]"
203,1995,"[3, 0, 0]"
204,1995,"[8, 0, 0]"
205,1995,"[3, 7, 0]"
206,1995,"[13, 0, 0]"
207,1995,"[7, 6, 0]"
208,1995,"[8, 4, 0]"
209,1995,"[7, 0, 0]"
210,1995,"[18, 0, 0]"
211,1994,"[7, 0, 0]"
212,1995,"[3, 0, 0]"
213,1994,"[7, 0, 0]"
214,1994,"[7, 0, 0]"
215,1995,"[7, 6, 0]"
216,1995,"[3, 0, 0]"
217,1995,"[7, 10, 0]"
218,1995,"[3, 7, 0]"
219,1995,"[7, 0, 0]"
220,1995,"[11, 0, 0]"
222,1995,"[7, 6, 0]"
223,1994,"[3, 0, 0]"
224,1995,"[3, 7, 6]"
225,1994,"[7, 10, 0]"
226,1995,"[10, 0, 0]"
227,1994,"[8, 0, 0]"
228,1995,"[3, 0, 0]"
229,1994,"[7, 10, 0]"
230,1994,"[7, 10, 0]"
231,1994,"[3, 0, 0]"
232,1994,"[3, 7, 0]"
233,1994,"[7, 0, 0]"
234,1994,"[3, 0, 0]"
235,1994,"[3, 7, 0]"
236,1995,"[3, 6, 0]"
237,1995,"[3, 6, 0]"
238,1995,"[4, 2, 0]"
239,1995,"[1, 2, 3]"
240,1995,"[10, 0, 0]"
241,1995,"[2, 7, 0]"
242,1994,"[7, 15, 0]"
243,1995,"[3, 0, 0]"
244,1995,"[1, 2, 0]"
245,1994,"[9, 7, 0]"
246,1994,"[13, 0, 0]"
247,1994,"[7, 5, 6]"
248,1994,"[3, 0, 0]"
249,1994,"[7, 6, 0]"
250,1994,"[2, 3, 0]"
251,1995,"[8, 0, 0]"
252,1994,"[3, 6, 0]"
253,1994,"[7, 11, 0]"
254,1995,"[7, 0, 0]"
255,1994,"[3, 0, 0]"
256,1994,"[3, 12, 0]"
257,1995,"[16, 10, 0]"
258,1995,"[4, 2, 3]"
259,1995,"[9, 7, 10]"
260,1977,"[8, 4, 5]"
261,1994,"[7, 0, 0]"
262,1995,"[2, 7, 0]"
263,1994,"[7, 0, 0]"
264,1994,"[7, 0, 0]"
265,1992,"[7, 6, 0]"
266,1994,"[7, 6, 14]"
267,1994,"[3, 0, 0]"
268,1994,"[7, 0, 0]"
269,1993,"[7, 0, 0]"
270,1994,"[7, 6, 0]"
271,1995,"[7, 0, 0]"
272,1994,"[7, 0, 0]"
273,1994,"[7, 11, 0]"
274,1995,"[3, 0, 0]"
275,1994,"[3, 0, 0]"
276,1994,"[3, 6, 0]"
277,1994,"[7, 0, 0]"
278,1995,"[3, 0, 0]"
279,1995,"[7, 0, 0]"
280,1995,"[7, 10, 0]"
281,1994,"[7, 0, 0]"
282,1994,"[7, 0, 0]"
283,1995,"[9, 7, 0]"
284,1996,"[8, 9, 0]"
285,1993,"[7, 11, 0]"
286,1995,"[8, 12, 10]"
287,1994,"[3, 6, 0]"
288,1994,"[8, 10, 0]"
289,1994,"[3, 6, 0]"
290,1994,"[9, 7, 0]"
291,1995,"[10, 0, 0]"
292,1995,"[8, 7, 10]"
293,1994,"[9, 7, 6]"
294,1995,"[3, 6, 0]"
295,1995,"[3, 6, 0]"
296,1994,"[9, 7, 0]"
297,1995,"[7, 0, 0]"
298,1992,"[3, 0, 0]"
299,1994,"[7, 0, 0]"
300,1994,"[7, 0, 0]"
301,1995,"[7, 6, 0]"
302,1994,"[7, 6, 0]"
303,1995,"[8, 4, 18]"
304,1995,"[3, 7, 0]"
305,1994,"[3, 0, 0]"
306,1994,"[7, 0, 0]"
307,1993,"[7, 0, 0]"
308,1994,"[7, 0, 0]"
309,1994,"[7, 0, 0]"
310,1995,"[3, 0, 0]"
311,1994,"[11, 10, 0]"
312,1995,"[3, 0, 0]"
313,1994,"[1, 2, 0]"
314,1994,"[7, 0, 0]"
315,1994,"[8, 0, 0]"
316,1994,"[8, 4, 12]"
317,1994,"[2, 3, 5]"
318,1994,"[7, 0, 0]"
319,1994,"[10, 0, 0]"
320,1993,"[17, 10, 0]"
321,1993,"[7, 0, 0]"
322,1995,"[3, 7, 0]"
324,1994,"[3, 0, 0]"
325,1995,"[3, 0, 0]"
326,1994,"[7, 0, 0]"
327,1995,"[8, 3, 15]"
328,1995,"[11, 0, 0]"
329,1994,"[8, 4, 12]"
330,1995,"[3, 11, 0]"
331,1994,"[7, 0, 0]"
332,1995,"[11, 12, 0]"
333,1995,"[3, 0, 0]"
334,1994,"[7, 0, 0]"
335,1995,"[16, 10, 0]"
336,1995,"[7, 14, 0]"
337,1993,"[7, 0, 0]"
338,1995,"[12, 10, 0]"
339,1995,"[3, 6, 0]"
340,1994,"[4, 7, 0]"
341,1994,"[7, 0, 0]"
342,1994,"[3, 6, 0]"
343,1995,"[2, 0, 0]"
344,1994,"[3, 0, 0]"
345,1994,"[3, 7, 0]"
346,1993,"[7, 15, 0]"
347,1992,"[7, 0, 0]"
348,1994,"[3, 0, 0]"
349,1994,"[8, 4, 10]"
350,1994,"[7, 16, 10]"
351,1994,"[3, 7, 6]"
352,1994,"[3, 0, 0]"
353,1994,"[8, 6, 10]"
354,1994,"[7, 0, 0]"
355,1994,"[2, 3, 0]"
356,1994,"[3, 6, 14]"
357,1994,"[3, 6, 0]"
358,1995,"[7, 0, 0]"
359,1994,"[3, 7, 6]"
360,1994,"[8, 3, 0]"
361,1994,"[7, 6, 0]"
362,1994,"[4, 2, 6]"
363,1993,"[13, 0, 0]"
364,1994,"[1, 2, 15]"
365,1993,"[7, 0, 0]"
366,1994,"[11, 0, 0]"
367,1994,"[3, 9, 5]"
368,1994,"[8, 3, 18]"
369,1994,"[7, 0, 0]"
370,1994,"[3, 0, 0]"
371,1994,"[3, 7, 0]"
372,1994,"[3, 7, 0]"
373,1992,"[10, 0, 0]"
374,1994,"[2, 3, 0]"
375,1994,"[7, 0, 0]"
376,1994,"[8, 10, 0]"
377,1994,"[8, 6, 10]"
378,1994,"[3, 6, 0]"
379,1994,"[8, 12, 0]"
380,1994,"[8, 4, 3]"
381,1994,"[7, 0, 0]"
382,1994,"[7, 11, 0]"
383,1994,"[18, 0, 0]"
384,1995,"[8, 0, 0]"
385,1994,"[7, 0, 0]"
386,1994,"[7, 0, 0]"
387,1994,"[8, 3, 0]"
388,1995,"[7, 0, 0]"
389,1994,"[7, 6, 14]"
390,1965,"[8, 3, 7]"
391,1994,"[9, 7, 0]"
392,1993,"[4, 2, 0]"
393,1994,"[8, 0, 0]"
394,1995,"[8, 0, 0]"
395,1995,"[7, 0, 0]"
396,1995,"[7, 0, 0]"
397,1995,"[11, 0, 0]"
398,1995,"[13, 0, 0]"
399,1995,"[7, 0, 0]"
400,1995,"[7, 0, 0]"
401,1995,"[8, 10, 0]"
402,1996,"[3, 0, 0]"
403,1995,"[3, 9, 7]"
404,1994,"[13, 0, 0]"
405,1994,"[8, 12, 0]"
406,1994,"[7, 0, 0]"
407,1995,"[11, 10, 0]"
408,1994,"[7, 0, 0]"
409,1994,"[7, 0, 0]"
410,1993,"[3, 0, 0]"
411,1994,"[3, 0, 0]"
412,1993,"[7, 0, 0]"
413,1994,"[3, 0, 0]"
414,1994,"[3, 0, 0]"
415,1993,"[3, 10, 0]"
416,1994,"[18, 0, 0]"
417,1994,"[3, 6, 0]"
418,1993,"[7, 0, 0]"
419,1993,"[3, 0, 0]"
420,1994,"[8, 3, 0]"
421,1994,"[4, 2, 0]"
422,1994,"[10, 0, 0]"
423,1994,"[8, 10, 0]"
424,1994,"[7, 0, 0]"
425,1994,"[7, 6, 0]"
426,1993,"[11, 12, 10]"
427,1993,"[16, 6, 10]"
428,1993,"[7, 0, 0]"
429,1994,"[3, 0, 0]"
430,1993,"[7, 0, 0]"
431,1993,"[9, 7, 0]"
432,1994,"[3, 18, 0]"
433,1994,"[3, 0, 0]"
434,1993,"[8, 4, 9]"
435,1993,"[3, 12, 0]"
436,1994,"[7, 10, 0]"
437,1994,"[3, 0, 0]"
438,1994,"[8, 3, 0]"
439,1993,"[7, 0, 0]"
440,1993,"[3, 6, 0]"
441,1993,"[3, 0, 0]"
442,1993,"[8, 12, 0]"
443,1994,"[13, 0, 0]"
444,1993,"[3, 6, 0]"
445,1993,"[3, 0, 0]"
446,1993,"[7, 6, 0]"
447,1994,"[3, 6, 0]"
448,1993,"[7, 0, 0]"
449,1993,"[3, 0, 0]"
450,1994,"[3, 7, 0]"
451,1993,"[7, 16, 6]"
452,1994,"[7, 0, 0]"
453,1993,"[3, 0, 0]"
454,1993,"[7, 10, 0]"
455,1993,"[4, 2, 7]"
456,1994,"[7, 0, 0]"
457,1993,"[8, 10, 0]"
458,1993,"[7, 18, 0]"
459,1994,"[8, 0, 0]"
460,1994,"[3, 0, 0]"
461,1994,"[7, 6, 0]"
462,1994,"[8, 4, 0]"
463,1993,"[9, 7, 10]"
464,1993,"[8, 4, 9]"
465,1993,"[8, 7, 14]"
466,1993,"[8, 3, 14]"
467,1995,"[3, 0, 0]"
468,1995,"[3, 6, 0]"
469,1993,"[7, 6, 0]"
470,1994,"[3, 0, 0]"
471,1994,"[3, 6, 0]"
472,1994,"[3, 7, 0]"
473,1994,"[3, 14, 0]"
474,1993,"[8, 10, 0]"
475,1993,"[7, 0, 0]"
476,1994,"[3, 7, 0]"
477,1993,"[7, 0, 0]"
478,1994,"[3, 0, 0]"
479,1993,"[8, 0, 0]"
480,1993,"[8, 4, 12]"
481,1993,"[7, 10, 0]"
482,1994,"[10, 0, 0]"
483,1993,"[7, 0, 0]"
484,1994,"[4, 2, 0]"
485,1993,"[8, 3, 0]"
486,1993,"[3, 0, 0]"
487,1994,"[3, 18, 0]"
488,1993,"[7, 0, 0]"
489,1993,"[3, 0, 0]"
490,1993,"[10, 0, 0]"
491,1993,"[7, 0, 0]"
492,1993,"[3, 16, 0]"
493,1993,"[8, 9, 7]"
494,1996,"[8, 10, 0]"
495,1976,"[7, 0, 0]"
496,1994,"[3, 7, 6]"
497,1993,"[3, 6, 0]"
498,1993,"[7, 6, 0]"
499,1993,"[3, 6, 0]"
500,1993,"[3, 0, 0]"
501,1993,"[7, 0, 0]"
502,1994,"[8, 2, 0]"
503,1994,"[7, 0, 0]"
504,1994,"[8, 12, 0]"
505,1994,"[3, 0, 0]"
506,1993,"[7, 0, 0]"
507,1993,"[8, 7, 0]"
508,1993,"[7, 0, 0]"
509,1993,"[7, 6, 0]"
510,1993,"[7, 0, 0]"
511,1993,"[8, 7, 0]"
512,1994,"[11, 12, 0]"
513,1994,"[3, 16, 6]"
514,1994,"[3, 0, 0]"
515,1993,"[7, 0, 0]"
516,1994,"[3, 7, 14]"
517,1993,"[8, 7, 16]"
518,1994,"[3, 0, 0]"
519,1993,"[12, 10, 0]"
520,1993,"[3, 0, 0]"
521,1993,"[9, 10, 0]"
522,1992,"[8, 7, 0]"
523,1993,"[7, 0, 0]"
524,1993,"[7, 0, 0]"
525,1993,"[7, 0, 0]"
526,1992,"[7, 0, 0]"
527,1993,"[7, 14, 0]"
528,1994,"[7, 0, 0]"
529,1993,"[7, 0, 0]"
530,1994,"[7, 0, 0]"
531,1993,"[2, 7, 0]"
532,1994,"[3, 9, 11]"
533,1994,"[8, 0, 0]"
534,1993,"[7, 6, 0]"
535,1993,"[7, 0, 0]"
536,1994,"[7, 0, 0]"
537,1994,"[3, 7, 0]"
538,1993,"[7, 0, 0]"
539,1993,"[3, 6, 0]"
540,1993,"[10, 0, 0]"
541,1982,"[17, 12, 0]"
542,1993,"[3, 0, 0]"
543,1993,"[3, 6, 10]"
544,1993,"[8, 0, 0]"
545,1993,"[7, 0, 0]"
546,1993,"[8, 4, 2]"
547,1994,"[8, 4, 10]"
548,1994,"[8, 0, 0]"
549,1993,"[13, 0, 0]"
550,1994,"[3, 6, 0]"
551,1993,"[2, 3, 15]"
552,1993,"[8, 4, 3]"
553,1993,"[18, 0, 0]"
554,1994,"[10, 0, 0]"
555,1993,"[8, 9, 6]"
556,1993,"[13, 0, 0]"
557,1962,"[7, 0, 0]"
558,1994,"[8, 4, 1]"
559,1993,"[3, 0, 0]"
560,1994,"[7, 0, 0]"
561,1994,"[10, 0, 0]"
562,1995,"[3, 7, 0]"
563,1993,"[7, 0, 0]"
564,1994,"[3, 0, 0]"
565,1992,"[11, 0, 0]"
566,1994,"[3, 6, 0]"
567,1993,"[7, 0, 0]"
568,1993,"[3, 7, 0]"
569,1994,"[2, 3, 0]"
570,1993,"[3, 7, 0]"
571,1994,"[7, 0, 0]"
572,1994,"[7, 0, 0]"
573,1993,"[7, 0, 0]"
574,1994,"[3, 7, 0]"
575,1994,"[2, 3, 0]"
576,1993,"[3, 0, 0]"
577,1994,"[4, 2, 0]"
578,1993,"[7, 16, 0]"
579,1993,"[10, 0, 0]"
580,1994,"[7, 0, 0]"
581,1995,"[13, 0, 0]"
582,1993,"[3, 0, 0]"
583,1994,"[3, 7, 0]"
584,1993,"[7, 0, 0]"
585,1995,"[3, 0, 0]"
586,1990,"[2, 3, 0]"
587,1990,"[3, 6, 10]"
588,1992,"[1, 2, 3]"
589,1991,"[8, 12, 10]"
590,1990,"[4, 7, 18]"
591,1995,"[8, 7, 10]"
592,1989,"[8, 4, 9]"
593,1991,"[7, 10, 0]"
594,1937,"[1, 2, 15]"
595,1991,"[1, 2, 15]"
596,1940,"[1, 2, 0]"
597,1990,"[3, 6, 0]"
598,1994,"[3, 0, 0]"
599,1969,"[18, 0, 0]"
600,1994,"[10, 0, 0]"
601,1994,"[7, 0, 0]"
602,1994,"[13, 0, 0]"
603,1995,"[3, 0, 0]"
604,1996,"[13, 0, 0]"
605,1996,"[7, 6, 0]"
606,1995,"[11, 0, 0]"
607,1993,"[7, 0, 0]"
608,1996,"[9, 7, 10]"
609,1996,"[4, 2, 0]"
610,1981,"[8, 4, 1]"
611,1996,"[8, 11, 12]"
612,1996,"[3, 0, 0]"
613,1996,"[7, 6, 0]"
614,1994,"[7, 10, 0]"
615,1973,"[7, 0, 0]"
616,1970,"[1, 2, 0]"
617,1995,"[7, 0, 0]"
618,1996,"[3, 6, 0]"
619,1996,"[3, 0, 0]"
620,1991,"[7, 0, 0]"
621,1993,"[7, 0, 0]"
623,1995,"[6, 0, 0]"
624,1995,"[8, 7, 10]"
625,1990,"[7, 0, 0]"
626,1996,"[3, 0, 0]"
627,1995,"[7, 10, 0]"
628,1996,"[7, 10, 0]"
629,1995,"[7, 0, 0]"
630,1996,"[7, 6, 0]"
631,1996,"[1, 2, 15]"
632,1995,"[14, 0, 0]"
633,1995,"[3, 0, 0]"
634,1995,"[3, 0, 0]"
635,1996,"[3, 7, 0]"
636,1995,"[7, 0, 0]"
637,1996,"[3, 0, 0]"
638,1995,"[6, 0, 0]"
639,1996,"[3, 0, 0]"
640,1996,"[7, 10, 0]"
641,1994,"[3, 0, 0]"
642,1995,"[7, 0, 0]"
643,1996,"[3, 0, 0]"
644,1996,"[3, 0, 0]"
645,1995,"[7, 0, 0]"
647,1996,"[7, 14, 0]"
648,1996,"[8, 4, 16]"
649,1994,"[3, 7, 0]"
650,1996,"[7, 0, 0]"
651,1996,"[3, 0, 0]"
652,1995,"[16, 0, 0]"
653,1996,"[8, 4, 5]"
654,1996,"[7, 6, 0]"
655,1995,"[3, 0, 0]"
656,1996,"[3, 0, 0]"
657,1994,"[3, 7, 0]"
658,1995,"[7, 0, 0]"
659,1960,"[9, 10, 0]"
660,1996,"[7, 0, 0]"
661,1996,"[1, 2, 15]"
662,1996,"[10, 0, 0]"
663,1996,"[3, 0, 0]"
664,1996,"[3, 0, 0]"
665,1995,"[14, 0, 0]"
666,1996,"[7, 0, 0]"
667,1995,"[8, 0, 0]"
668,1955,"[7, 0, 0]"
669,1956,"[7, 0, 0]"
670,1959,"[7, 0, 0]"
671,1996,"[3, 12, 0]"
672,1995,"[7, 0, 0]"
673,1996,"[4, 1, 2]"
674,1968,"[4, 12, 0]"
675,1994,"[8, 7, 10]"
676,1996,"[7, 0, 0]"
678,1993,"[7, 10, 0]"
679,1995,"[7, 0, 0]"
680,1965,"[12, 0, 0]"
681,1981,"[9, 0, 0]"
682,1994,"[13, 7, 0]"
683,1993,"[13, 0, 0]"
684,1980,"[7, 0, 0]"
685,1995,"[7, 0, 0]"
687,1994,"[7, 6, 0]"
688,1995,"[8, 4, 3]"
690,1994,"[6, 0, 0]"
691,1996,"[3, 6, 0]"
692,1996,"[8, 12, 10]"
693,1994,"[7, 0, 0]"
694,1996,"[8, 0, 0]"
695,1995,"[16, 10, 0]"
696,1995,"[10, 0, 0]"
697,1996,"[7, 6, 0]"
698,1994,"[7, 0, 0]"
699,1991,"[7, 0, 0]"
700,1995,"[3, 0, 0]"
701,1992,"[7, 0, 0]"
702,1968,"[7, 0, 0]"
703,1996,"[7, 0, 0]"
704,1996,"[8, 4, 0]"
705,1996,"[3, 0, 0]"
706,1996,"[7, 0, 0]"
707,1996,"[9, 17, 10]"
708,1996,"[3, 6, 0]"
709,1988,"[1, 2, 0]"
710,1996,"[3, 0, 0]"
711,1996,"[4, 2, 0]"
712,1994,"[7, 0, 0]"
713,1994,"[7, 0, 0]"
714,1995,"[18, 0, 0]"
715,1995,"[7, 0, 0]"
716,1975,"[9, 0, 0]"
717,1995,"[3, 0, 0]"
718,1993,"[3, 12, 0]"
719,1996,"[3, 0, 0]"
720,1996,"[1, 0, 0]"
721,1995,"[7, 0, 0]"
722,1995,"[13, 0, 0]"
723,1986,"[7, 0, 0]"
724,1996,"[7, 11, 0]"
725,1996,"[3, 0, 0]"
726,1996,"[7, 0, 0]"
727,1995,"[13, 0, 0]"
728,1995,"[3, 0, 0]"
729,1995,"[7, 0, 0]"
730,1994,"[7, 0, 0]"
731,1996,"[16, 10, 0]"
732,1996,"[9, 0, 0]"
733,1996,"[8, 4, 10]"
734,1996,"[3, 0, 0]"
735,1994,"[3, 11, 0]"
736,1996,"[8, 4, 6]"
737,1996,"[8, 12, 0]"
738,1995,"[7, 0, 0]"
739,1996,"[3, 0, 0]"
741,1995,"[1, 12, 0]"
742,1996,"[11, 10, 0]"
743,1996,"[3, 0, 0]"
744,1995,"[7, 0, 0]"
745,1995,"[1, 3, 10]"
746,1948,"[17, 0, 0]"
747,1996,"[3, 0, 0]"
748,1996,"[8, 12, 10]"
749,1943,"[7, 0, 0]"
750,1963,"[12, 14, 0]"
751,1992,"[3, 0, 0]"
752,1992,"[3, 6, 0]"
753,1995,"[3, 7, 0]"
754,1995,"[4, 2, 0]"
755,1950,"[2, 7, 0]"
756,1994,"[13, 0, 0]"
757,1994,"[7, 0, 0]"
758,1992,"[7, 0, 0]"
759,1994,"[13, 0, 0]"
760,1993,"[14, 0, 0]"
761,1996,"[4, 0, 0]"
762,1996,"[3, 9, 0]"
763,1996,"[7, 0, 0]"
764,1995,"[7, 6, 0]"
765,1996,"[3, 7, 0]"
766,1996,"[7, 0, 0]"
767,1995,"[7, 0, 0]"
768,1995,"[7, 0, 0]"
769,1996,"[13, 0, 0]"
770,1946,"[7, 0, 0]"
771,1987,"[3, 7, 0]"
772,1992,"[3, 0, 0]"
773,1973,"[7, 0, 0]"
774,1982,"[7, 0, 0]"
775,1968,"[11, 0, 0]"
776,1994,"[3, 7, 0]"
777,1995,"[14, 0, 0]"
778,1996,"[7, 0, 0]"
779,1997,"[7, 6, 0]"
780,1996,"[8, 12, 14]"
781,1996,"[7, 0, 0]"
782,1996,"[10, 0, 0]"
783,1996,"[1, 2, 15]"
784,1996,"[3, 0, 0]"
785,1996,"[3, 0, 0]"
786,1996,"[8, 10, 0]"
787,1995,"[13, 0, 0]"
788,1996,"[3, 5, 6]"
789,1990,"[7, 0, 0]"
790,1994,"[7, 0, 0]"
791,1995,"[13, 0, 0]"
792,1987,"[5, 0, 0]"
793,1993,"[7, 0, 0]"
794,1994,"[3, 7, 0]"
795,1994,"[7, 0, 0]"
796,1974,"[7, 0, 0]"
797,1991,"[3, 0, 0]"
798,1996,"[8, 4, 10]"
799,1996,"[3, 11, 0]"
800,1996,"[7, 16, 0]"
801,1996,"[2, 3, 0]"
802,1996,"[7, 6, 0]"
803,1996,"[6, 0, 0]"
804,1996,"[3, 6, 0]"
805,1996,"[7, 0, 0]"
806,1996,"[7, 0, 0]"
807,1995,"[3, 6, 0]"
808,1996,"[4, 2, 0]"
809,1996,"[8, 4, 0]"
810,1996,"[2, 3, 5]"
811,1994,"[3, 0, 0]"
812,1994,"[7, 0, 0]"
813,1996,"[3, 0, 0]"
814,1995,"[7, 0, 0]"
815,1995,"[8, 16, 10]"
816,1995,"[7, 0, 0]"
818,1996,"[3, 0, 0]"
819,1993,"[3, 7, 0]"
820,1956,"[7, 0, 0]"
821,1995,"[6, 0, 0]"
822,1992,"[7, 0, 0]"
823,1967,"[7, 0, 0]"
824,1993,"[7, 0, 0]"
825,1996,"[3, 6, 0]"
826,1995,"[7, 0, 0]"
827,1995,"[7, 0, 0]"
828,1996,"[4, 2, 0]"
829,1996,"[3, 15, 0]"
830,1996,"[3, 0, 0]"
831,1995,"[7, 0, 0]"
832,1996,"[7, 10, 0]"
833,1996,"[3, 0, 0]"
834,1996,"[3, 0, 0]"
835,1996,"[7, 0, 0]"
836,1996,"[8, 4, 10]"
837,1996,"[2, 3, 0]"
838,1996,"[3, 7, 6]"
839,1996,"[8, 10, 0]"
840,1996,"[3, 0, 0]"
841,1959,"[11, 0, 0]"
842,1996,"[11, 0, 0]"
843,1995,"[7, 0, 0]"
844,1993,"[7, 0, 0]"
845,1994,"[7, 0, 0]"
846,1995,"[7, 0, 0]"
847,1996,"[3, 7, 0]"
848,1996,"[7, 0, 0]"
849,1996,"[8, 4, 12]"
850,1995,"[9, 7, 0]"
851,1996,"[7, 0, 0]"
852,1996,"[3, 6, 0]"
853,1992,"[7, 0, 0]"
854,1958,"[7, 0, 0]"
855,1990,"[7, 0, 0]"
856,1993,"[3, 0, 0]"
857,1949,"[7, 0, 0]"
858,1972,"[8, 9, 7]"
859,1996,"[13, 0, 0]"
860,1994,"[3, 0, 0]"
861,1992,"[8, 10, 0]"
862,1996,"[7, 0, 0]"
863,1994,"[3, 0, 0]"
864,1995,"[3, 7, 0]"
865,1995,"[7, 0, 0]"
866,1996,"[9, 7, 6]"
867,1996,"[3, 9, 0]"
868,1991,"[3, 0, 0]"
869,1996,"[9, 0, 0]"
870,1997,"[3, 0, 0]"
871,1996,"[3, 0, 0]"
872,1994,"[7, 0, 0]"
873,1976,"[7, 0, 0]"
874,1995,"[9, 7, 0]"
875,1994,"[7, 0, 0]"
876,1993,"[8, 0, 0]"
877,1996,"[7, 0, 0]"
878,1995,"[7, 0, 0]"
879,1997,"[11, 0, 0]"
880,1996,"[12, 10, 0]"
881,1996,"[2, 3, 0]"
882,1996,"[7, 10, 0]"
884,1995,"[7, 0, 0]"
885,1996,"[2, 7, 5]"
886,1996,"[8, 0, 0]"
887,1998,"[7, 0, 0]"
888,1995,"[1, 2, 0]"
889,1994,"[6, 0, 0]"
890,1988,"[10, 0, 0]"
891,1995,"[11, 10, 0]"
892,1996,"[3, 7, 6]"
893,1996,"[7, 0, 0]"
894,1933,"[6, 0, 0]"
895,1992,"[7, 0, 0]"
896,1994,"[7, 0, 0]"
897,1943,"[4, 14, 0]"
898,1940,"[3, 6, 0]"
899,1952,"[15, 6, 0]"
900,1951,"[15, 6, 0]"
901,1957,"[3, 15, 0]"
902,1961,"[7, 6, 0]"
903,1958,"[16, 10, 0]"
904,1954,"[16, 10, 0]"
905,1934,"[3, 0, 0]"
906,1944,"[16, 10, 0]"
907,1934,"[3, 15, 6]"
908,1959,"[7, 10, 0]"
909,1960,"[3, 7, 0]"
910,1959,"[3, 9, 0]"
911,1963,"[3, 16, 6]"
912,1942,"[7, 6, 14]"
913,1941,"[17, 16, 0]"
914,1964,"[15, 6, 0]"
915,1954,"[3, 6, 0]"
916,1953,"[3, 6, 0]"
917,1939,"[2, 7, 0]"
918,1944,"[15, 0, 0]"
919,1939,"[4, 2, 7]"
920,1939,"[7, 6, 14]"
921,1982,"[3, 0, 0]"
922,1950,"[17, 0, 0]"
923,1941,"[7, 0, 0]"
924,1968,"[7, 16, 12]"
925,1947,"[4, 6, 0]"
926,1950,"[7, 0, 0]"
927,1939,"[3, 0, 0]"
928,1940,"[6, 10, 0]"
929,1940,"[10, 0, 0]"
930,1946,"[17, 6, 10]"
931,1945,"[16, 6, 10]"
932,1957,"[6, 0, 0]"
933,1955,"[3, 6, 10]"
934,1950,"[3, 0, 0]"
935,1953,"[3, 15, 0]"
936,1939,"[3, 6, 0]"
937,1957,"[3, 6, 0]"
938,1958,"[15, 0, 0]"
939,1958,"[3, 7, 0]"
940,1938,"[8, 4, 0]"
941,1940,"[4, 0, 0]"
942,1944,"[9, 17, 16]"
943,1947,"[7, 6, 0]"
944,1937,"[7, 0, 0]"
945,1935,"[3, 15, 6]"
946,1942,"[3, 7, 14]"
947,1936,"[3, 0, 0]"
948,1956,"[7, 0, 0]"
949,1955,"[7, 0, 0]"
950,1934,"[16, 0, 0]"
951,1940,"[3, 0, 0]"
952,1956,"[4, 3, 0]"
953,1946,"[7, 0, 0]"
954,1939,"[7, 0, 0]"
955,1938,"[3, 0, 0]"
956,1941,"[7, 6, 0]"
957,1926,"[7, 0, 0]"
958,1943,"[3, 16, 0]"
959,1934,"[7, 0, 0]"
960,1946,"[9, 7, 0]"
961,1936,"[7, 0, 0]"
962,1939,"[9, 7, 0]"
963,1949,"[15, 0, 0]"
964,1947,"[18, 0, 0]"
965,1935,"[10, 0, 0]"
966,1945,"[7, 0, 0]"
967,1943,"[18, 0, 0]"
968,1968,"[11, 12, 0]"
969,1951,"[8, 4, 6]"
970,1954,"[3, 7, 0]"
971,1958,"[7, 0, 0]"
972,1954,"[7, 0, 0]"
973,1941,"[7, 0, 0]"
974,1938,"[7, 6, 0]"
975,1937,"[3, 15, 0]"
976,1932,"[6, 14, 0]"
977,1936,"[16, 0, 0]"
978,1930,"[7, 0, 0]"
979,1995,"[7, 14, 0]"
980,1987,"[8, 0, 0]"
981,1997,"[7, 0, 0]"
982,1955,"[7, 0, 0]"
983,1995,"[6, 0, 0]"
984,1996,"[3, 7, 0]"
985,1996,"[13, 0, 0]"
986,1996,"[4, 2, 0]"
987,1997,"[7, 6, 0]"
988,1996,"[3, 7, 0]"
989,1995,"[7, 0, 0]"
990,1996,"[8, 4, 10]"
991,1996,"[7, 14, 0]"
992,1996,"[10, 0, 0]"
993,1996,"[7, 0, 0]"
994,1996,"[7, 0, 0]"
996,1996,"[8, 7, 18]"
997,1996,"[7, 10, 0]"
998,1996,"[8, 9, 0]"
999,1996,"[9, 0, 0]"
1000,1996,"[9, 0, 0]"
1001,1982,"[3, 0, 0]"
1002,1996,"[3, 0, 0]"
1003,1996,"[7, 10, 0]"
1004,1996,"[8, 10, 0]"
1005,1996,"[2, 3, 0]"
1006,1996,"[7, 0, 0]"
1007,1975,"[2, 3, 18]"
1008,1955,"[18, 0, 0]"
1009,1975,"[4, 2, 5]"
1010,1969,"[2, 3, 0]"
1011,1974,"[4, 2, 3]"
1012,1957,"[2, 7, 0]"
1013,1961,"[2, 7, 0]"
1014,1960,"[2, 3, 7]"
1015,1993,"[4, 2, 0]"
1016,1959,"[2, 3, 0]"
1017,1960,"[4, 2, 0]"
1018,1965,"[2, 3, 16]"
1019,1954,"[4, 2, 5]"
1020,1993,"[3, 0, 0]"
1021,1994,"[2, 3, 0]"
1022,1950,"[1, 2, 15]"
1023,1968,"[1, 2, 0]"
1024,1945,"[1, 2, 15]"
1025,1963,"[1, 2, 0]"
1026,1949,"[2, 7, 0]"
1027,1991,"[7, 0, 0]"
1028,1964,"[2, 3, 15]"
1029,1941,"[1, 2, 15]"
1030,1977,"[4, 1, 2]"
1031,1971,"[4, 2, 15]"
1032,1951,"[1, 2, 15]"
1033,1981,"[1, 2, 0]"
1034,1996,"[9, 0, 0]"
1035,1965,"[15, 0, 0]"
1036,1988,"[8, 10, 0]"
1037,1992,"[8, 12, 10]"
1038,1996,"[7, 0, 0]"
1039,1995,"[13, 0, 0]"
1040,1996,"[7, 0, 0]"
1041,1996,"[7, 0, 0]"
1042,1996,"[3, 0, 0]"
1043,1996,"[7, 6, 0]"
1044,1996,"[7, 0, 0]"
1045,1996,"[3, 7, 0]"
1046,1996,"[7, 6, 0]"
1047,1996,"[8, 10, 0]"
1049,1996,"[8, 4, 0]"
1050,1996,"[13, 7, 0]"
1051,1996,"[7, 0, 0]"
1052,1996,"[7, 0, 0]"
1053,1996,"[9, 7, 0]"
1054,1996,"[7, 0, 0]"
1055,1997,"[10, 0, 0]"
1056,1996,"[7, 0, 0]"
1057,1996,"[3, 15, 6]"
1058,1996,"[7, 0, 0]"
1059,1996,"[7, 6, 0]"
1060,1996,"[3, 7, 0]"
1061,1996,"[9, 7, 0]"
1062,1996,"[7, 0, 0]"
1063,1996,"[7, 0, 0]"
1064,1996,"[1, 2, 3]"
1065,1950,"[16, 0, 0]"
1066,1937,"[3, 15, 6]"
1067,1937,"[3, 15, 6]"
1068,1947,"[9, 17, 0]"
1069,1944,"[17, 10, 0]"
1070,1952,"[4, 0, 0]"
1071,1994,"[6, 14, 0]"
1073,1971,"[4, 2, 3]"
1075,1994,"[3, 0, 0]"
1076,1961,"[10, 0, 0]"
1077,1973,"[3, 12, 0]"
1078,1971,"[3, 14, 0]"
1079,1988,"[3, 0, 0]"
1080,1979,"[3, 0, 0]"
1081,1982,"[3, 15, 0]"
1082,1972,"[7, 0, 0]"
1083,1965,"[3, 15, 0]"
1084,1967,"[9, 7, 0]"
1085,1958,"[4, 7, 0]"
1086,1954,"[16, 10, 0]"
1087,1995,"[15, 0, 0]"
1088,1987,"[15, 6, 0]"
1089,1992,"[9, 10, 0]"
1090,1986,"[7, 14, 0]"
1091,1989,"[3, 0, 0]"
1092,1992,"[16, 10, 0]"
1093,1991,"[7, 15, 0]"
1094,1992,"[7, 6, 14]"
1095,1992,"[7, 0, 0]"
1096,1982,"[7, 0, 0]"
1097,1982,"[2, 7, 5]"
1098,1996,"[3, 0, 0]"
1099,1938,"[7, 0, 0]"
1100,1990,"[8, 6, 0]"
1101,1986,"[8, 6, 0]"
1102,1996,"[8, 0, 0]"
1103,1955,"[7, 0, 0]"
1104,1951,"[7, 0, 0]"
1105,1996,"[11, 0, 0]"
1106,1996,"[13, 0, 0]"
1107,1991,"[3, 0, 0]"
1108,1995,"[13, 0, 0]"
1109,1996,"[7, 0, 0]"
1110,1996,"[8, 0, 0]"
1111,1996,"[13, 0, 0]"
1112,1996,"[8, 7, 0]"
1113,1996,"[3, 0, 0]"
1114,1996,"[7, 0, 0]"
1115,1995,"[3, 7, 0]"
1116,1995,"[7, 0, 0]"
1117,1996,"[7, 0, 0]"
1118,1995,"[4, 18, 0]"
1119,1997,"[7, 0, 0]"
1120,1996,"[7, 0, 0]"
1121,1996,"[7, 0, 0]"
1122,1995,"[13, 0, 0]"
1123,1996,"[13, 0, 0]"
1124,1981,"[7, 0, 0]"
1125,1974,"[3, 0, 0]"
1126,1991,"[3, 5, 0]"
1127,1989,"[8, 4, 12]"
1128,1980,"[11, 0, 0]"
1129,1981,"[8, 4, 12]"
1130,1980,"[11, 0, 0]"
1131,1986,"[7, 0, 0]"
1132,1986,"[7, 0, 0]"
1133,1994,"[3, 7, 0]"
1134,1993,"[8, 7, 0]"
1135,1980,"[3, 0, 0]"
1136,1974,"[3, 0, 0]"
1137,1996,"[6, 0, 0]"
1138,1995,"[13, 0, 0]"
1139,1996,"[7, 0, 0]"
1140,1996,"[7, 0, 0]"
1141,1995,"[7, 0, 0]"
1142,1996,"[7, 0, 0]"
1143,1996,"[3, 0, 0]"
1144,1996,"[13, 0, 0]"
1145,1996,"[13, 0, 0]"
1146,1995,"[3, 7, 0]"
1147,1996,"[13, 0, 0]"
1148,1993,"[1, 3, 0]"
1149,1994,"[13, 7, 0]"
1150,1982,"[7, 0, 0]"
1151,1994,"[1, 3, 10]"
1152,1948,"[9, 17, 10]"
1153,1948,"[17, 0, 0]"
1154,1947,"[17, 0, 0]"
1155,1986,"[7, 0, 0]"
1156,1942,"[7, 0, 0]"
1157,1946,"[7, 0, 0]"
1158,1935,"[3, 0, 0]"
1159,1935,"[6, 0, 0]"
1160,1934,"[3, 0, 0]"
1161,1979,"[7, 0, 0]"
1162,1972,"[3, 0, 0]"
1163,1994,"[7, 0, 0]"
1164,1966,"[7, 0, 0]"
1165,1996,"[7, 10, 0]"
1166,1995,"[3, 0, 0]"
1167,1996,"[3, 0, 0]"
1168,1996,"[11, 0, 0]"
1169,1990,"[13, 0, 0]"
1170,1995,"[8, 0, 0]"
1171,1992,"[3, 0, 0]"
1172,1988,"[3, 7, 6]"
1173,1989,"[7, 0, 0]"
1174,1994,"[3, 0, 0]"
1175,1991,"[3, 12, 0]"
1176,1991,"[7, 0, 0]"
1177,1991,"[7, 0, 0]"
1178,1957,"[7, 14, 0]"
1179,1990,"[9, 7, 17]"
1180,1991,"[3, 0, 0]"
1181,1995,"[8, 0, 0]"
1183,1996,"[7, 6, 14]"
1184,1991,"[3, 14, 0]"
1185,1989,"[7, 0, 0]"
1186,1989,"[7, 0, 0]"
1187,1992,"[7, 0, 0]"
1188,1992,"[3, 6, 0]"
1189,1988,"[13, 0, 0]"
1190,1990,"[7, 0, 0]"
1191,1991,"[13, 0, 0]"
1192,1990,"[13, 0, 0]"
1193,1975,"[7, 0, 0]"
1194,1978,"[3, 0, 0]"
1196,1980,"[8, 4, 7]"
1197,1987,"[8, 4, 3]"
1198,1981,"[8, 4, 0]"
1199,1985,"[12, 0, 0]"
1200,1986,"[8, 12, 10]"
1201,1966,"[8, 18, 0]"
1202,1987,"[3, 0, 0]"
1203,1957,"[7, 0, 0]"
1204,1962,"[4, 14, 0]"
1205,1986,"[8, 1, 2]"
1206,1971,"[12, 0, 0]"
1207,1962,"[7, 0, 0]"
1208,1979,"[7, 14, 0]"
1209,1969,"[18, 0, 0]"
1210,1983,"[8, 4, 6]"
1211,1987,"[3, 7, 6]"
1212,1949,"[16, 10, 0]"
1213,1990,"[9, 7, 0]"
1214,1979,"[8, 11, 12]"
1215,1993,"[8, 4, 3]"
1216,1988,"[4, 6, 0]"
1217,1985,"[7, 14, 0]"
1218,1989,"[8, 10, 0]"
1219,1960,"[11, 10, 0]"
1220,1980,"[8, 3, 15]"
1221,1974,"[8, 9, 7]"
1222,1987,"[8, 7, 14]"
1223,1992,"[1, 3, 0]"
1224,1989,"[7, 14, 0]"
1225,1984,"[7, 0, 0]"
1226,1952,"[3, 6, 0]"
1227,1984,"[9, 7, 10]"
1228,1980,"[7, 0, 0]"
1230,1977,"[3, 6, 0]"
1231,1983,"[7, 0, 0]"
1232,1979,"[16, 12, 0]"
1233,1981,"[8, 7, 14]"
1234,1973,"[3, 9, 0]"
1235,1971,"[3, 0, 0]"
1236,1990,"[3, 7, 0]"
1237,1957,"[7, 0, 0]"
1238,1983,"[3, 0, 0]"
1240,1984,"[8, 12, 10]"
1241,1992,"[3, 11, 0]"
1242,1989,"[8, 7, 14]"
1243,1990,"[3, 7, 0]"
1244,1979,"[3, 7, 6]"
1245,1990,"[7, 0, 0]"
1246,1989,"[7, 0, 0]"
1247,1967,"[7, 6, 0]"
1248,1958,"[9, 17, 10]"
1249,1990,"[10, 0, 0]"
1250,1957,"[7, 14, 0]"
1251,1963,"[7, 0, 0]"
1252,1974,"[17, 16, 10]"
1253,1951,"[7, 12, 0]"
1254,1948,"[4, 0, 0]"
1255,1987,"[3, 11, 0]"
1256,1933,"[3, 14, 0]"
1257,1985,"[3, 0, 0]"
1258,1980,"[11, 0, 0]"
1259,1986,"[4, 3, 7]"
1260,1931,"[9, 17, 10]"
1261,1987,"[8, 4, 3]"
1262,1963,"[4, 14, 0]"
1263,1978,"[7, 14, 0]"
1264,1981,"[8, 7, 16]"
1265,1993,"[3, 6, 0]"
1266,1992,"[18, 0, 0]"
1267,1962,"[17, 10, 0]"
1268,1990,"[7, 0, 0]"
1269,1944,"[3, 16, 10]"
1270,1985,"[3, 12, 0]"
1271,1991,"[7, 0, 0]"
1272,1970,"[7, 14, 0]"
1273,1986,"[3, 7, 0]"
1274,1988,"[4, 1, 12]"
1275,1986,"[8, 4, 0]"
1276,1967,"[3, 7, 0]"
1277,1990,"[8, 7, 6]"
1278,1974,"[3, 11, 0]"
1279,1991,"[3, 7, 0]"
1280,1991,"[7, 0, 0]"
1281,1940,"[3, 0, 0]"
1282,1940,"[1, 2, 15]"
1283,1952,"[18, 0, 0]"
1284,1946,"[17, 16, 0]"
1285,1989,"[3, 0, 0]"
1286,1980,"[7, 6, 0]"
1287,1959,"[8, 4, 7]"
1288,1984,"[3, 7, 15]"
1289,1983,"[13, 14, 0]"
1290,1987,"[7, 6, 0]"
1291,1989,"[8, 4, 0]"
1292,1979,"[3, 0, 0]"
1293,1982,"[7, 0, 0]"
1294,1970,"[3, 14, 0]"
1295,1988,"[7, 0, 0]"
1296,1986,"[7, 6, 0]"
1297,1985,"[3, 0, 0]"
1298,1982,"[7, 15, 14]"
1299,1984,"[7, 14, 0]"
1300,1985,"[7, 0, 0]"
1301,1956,"[12, 0, 0]"
1302,1989,"[7, 0, 0]"
1303,1975,"[4, 0, 0]"
1304,1969,"[8, 3, 18]"
1305,1984,"[7, 0, 0]"
1306,1991,"[7, 12, 0]"
1307,1989,"[3, 6, 0]"
1308,1995,"[3, 0, 0]"
1309,1995,"[7, 6, 0]"
1310,1996,"[13, 0, 0]"
1311,1996,"[3, 0, 0]"
1312,1996,"[7, 0, 0]"
1313,1996,"[9, 0, 0]"
1314,1996,"[6, 0, 0]"
1315,1995,"[13, 0, 0]"
1316,1996,"[7, 0, 0]"
1317,1996,"[3, 0, 0]"
1318,1995,"[3, 7, 0]"
1319,1993,"[13, 0, 0]"
1320,1992,"[8, 11, 12]"
1321,1981,"[11, 0, 0]"
1322,1992,"[11, 0, 0]"
1323,1983,"[11, 0, 0]"
1324,1996,"[11, 0, 0]"
1325,1993,"[11, 0, 0]"
1326,1982,"[11, 0, 0]"
1327,1979,"[11, 0, 0]"
1328,1990,"[11, 0, 0]"
1329,1974,"[11, 0, 0]"
1330,1986,"[3, 11, 0]"
1331,1977,"[11, 0, 0]"
1332,1987,"[11, 10, 0]"
1333,1963,"[11, 0, 0]"
1334,1958,"[11, 12, 0]"
1335,1981,"[8, 11, 0]"
1336,1991,"[11, 0, 0]"
1337,1945,"[11, 0, 0]"
1339,1992,"[11, 6, 0]"
1340,1935,"[11, 0, 0]"
1341,1976,"[11, 0, 0]"
1342,1992,"[11, 0, 0]"
1343,1991,"[10, 0, 0]"
1344,1962,"[17, 10, 0]"
1345,1976,"[11, 0, 0]"
1346,1982,"[11, 0, 0]"
1347,1984,"[11, 0, 0]"
1348,1922,"[11, 0, 0]"
1349,1986,"[11, 0, 0]"
1350,1976,"[11, 0, 0]"
1351,1997,"[7, 0, 0]"
1352,1996,"[9, 10, 0]"
1353,1996,"[3, 6, 0]"
1354,1996,"[7, 0, 0]"
1355,1997,"[11, 10, 0]"
1356,1996,"[8, 4, 12]"
1357,1996,"[7, 6, 0]"
1358,1996,"[7, 10, 0]"
1359,1996,"[4, 2, 3]"
1360,1982,"[7, 0, 0]"
1361,1996,"[13, 0, 0]"
1362,1970,"[7, 0, 0]"
1363,1996,"[7, 0, 0]"
1364,1995,"[8, 0, 0]"
1365,1996,"[7, 0, 0]"
1366,1996,"[7, 0, 0]"
1367,1996,"[2, 3, 0]"
1368,1950,"[7, 0, 0]"
1369,1994,"[7, 10, 0]"
1370,1990,"[8, 10, 0]"
1371,1979,"[8, 4, 12]"
1372,1991,"[8, 4, 12]"
1373,1989,"[8, 4, 12]"
1374,1982,"[8, 4, 12]"
1375,1984,"[8, 4, 12]"
1376,1986,"[8, 4, 12]"
1377,1992,"[8, 4, 3]"
1378,1988,"[8, 3, 18]"
1379,1990,"[8, 3, 18]"
1380,1978,"[3, 15, 6]"
1381,1982,"[3, 15, 6]"
1382,1990,"[8, 7, 0]"
1383,1996,"[8, 12, 0]"
1384,1996,"[7, 0, 0]"
1385,1992,"[8, 0, 0]"
1386,1958,"[18, 0, 0]"
1387,1975,"[8, 11, 0]"
1388,1978,"[8, 11, 0]"
1389,1983,"[8, 11, 0]"
1390,1996,"[3, 0, 0]"
1391,1996,"[8, 3, 12]"
1392,1996,"[3, 7, 0]"
1393,1996,"[7, 6, 0]"
1394,1987,"[3, 0, 0]"
1395,1987,"[3, 7, 0]"
1396,1992,"[9, 7, 12]"
1397,1996,"[7, 0, 0]"
1398,1996,"[6, 14, 0]"
1399,1996,"[7, 0, 0]"
1400,1996,"[7, 0, 0]"
1401,1996,"[7, 0, 0]"
1404,1997,"[9, 7, 0]"
1405,1996,"[1, 3, 0]"
1406,1995,"[7, 0, 0]"
1407,1996,"[11, 10, 0]"
1408,1992,"[8, 6, 14]"
1409,1996,"[3, 6, 0]"
1410,1996,"[3, 7, 0]"
1411,1996,"[7, 0, 0]"
1412,1996,"[7, 0, 0]"
1413,1996,"[7, 0, 0]"
1414,1996,"[3, 0, 0]"
1415,1996,"[9, 7, 6]"
1416,1996,"[7, 15, 0]"
1417,1996,"[7, 0, 0]"
1419,1971,"[7, 0, 0]"
1420,1996,"[13, 0, 0]"
1421,1995,"[13, 0, 0]"
1422,1997,"[16, 10, 0]"
1423,1996,"[7, 0, 0]"
1424,1996,"[8, 0, 0]"
1425,1997,"[3, 0, 0]"
1426,1997,"[2, 0, 0]"
1427,1997,"[10, 0, 0]"
1428,1995,"[7, 0, 0]"
1429,1996,"[8, 0, 0]"
1430,1997,"[10, 0, 0]"
1431,1997,"[8, 3, 0]"
1432,1997,"[8, 0, 0]"
1433,1994,"[3, 11, 0]"
1434,1994,"[8, 0, 0]"
1436,1980,"[3, 0, 0]"
1437,1993,"[7, 0, 0]"
1438,1997,"[8, 10, 0]"
1439,1997,"[3, 0, 0]"
1440,1993,"[3, 0, 0]"
1441,1993,"[3, 6, 0]"
1442,1997,"[7, 0, 0]"
1443,1996,"[13, 0, 0]"
1444,1994,"[3, 0, 0]"
1445,1997,"[3, 14, 0]"
1446,1996,"[3, 0, 0]"
1447,1997,"[9, 0, 0]"
1448,1996,"[13, 0, 0]"
1449,1996,"[3, 0, 0]"
1450,1996,"[14, 0, 0]"
1453,1997,"[3, 6, 0]"
1454,1997,"[3, 0, 0]"
1455,1996,"[3, 6, 0]"
1456,1997,"[3, 0, 0]"
1457,1997,"[3, 6, 0]"
1458,1997,"[6, 0, 0]"
1459,1997,"[16, 10, 0]"
1460,1997,"[2, 3, 16]"
1461,1997,"[3, 0, 0]"
1462,1996,"[13, 0, 0]"
1463,1997,"[3, 6, 0]"
1464,1997,"[16, 0, 0]"
1465,1997,"[7, 0, 0]"
1466,1997,"[9, 7, 0]"
1467,1996,"[3, 7, 0]"
1468,1997,"[3, 6, 0]"
1470,1997,"[13, 0, 0]"
1471,1997,"[7, 0, 0]"
1472,1997,"[9, 10, 0]"
1473,1997,"[8, 3, 9]"
1474,1997,"[2, 3, 0]"
1475,1996,"[6, 0, 0]"
1476,1997,"[3, 7, 0]"
1477,1997,"[6, 0, 0]"
1479,1997,"[8, 6, 10]"
1480,1997,"[8, 7, 10]"
1482,1996,"[3, 7, 0]"
1483,1996,"[7, 10, 0]"
1484,1996,"[16, 0, 0]"
1485,1997,"[3, 0, 0]"
1486,1996,"[7, 0, 0]"
1487,1997,"[7, 15, 0]"
1488,1997,"[8, 7, 10]"
1489,1997,"[1, 2, 15]"
1490,1997,"[3, 0, 0]"
1493,1996,"[6, 0, 0]"
1494,1997,"[3, 0, 0]"
1495,1997,"[8, 4, 2]"
1496,1997,"[7, 6, 0]"
1497,1997,"[8, 0, 0]"
1498,1997,"[7, 6, 0]"
1499,1997,"[8, 4, 10]"
1500,1997,"[3, 9, 0]"
1501,1997,"[9, 0, 0]"
1502,1996,"[6, 0, 0]"
1503,1997,"[3, 0, 0]"
1504,1996,"[7, 0, 0]"
1507,1997,"[7, 14, 0]"
1508,1997,"[7, 0, 0]"
1509,1997,"[7, 0, 0]"
1510,1997,"[7, 0, 0]"
1511,1996,"[3, 0, 0]"
1513,1997,"[3, 0, 0]"
1514,1996,"[6, 0, 0]"
1515,1997,"[7, 10, 0]"
1516,1996,"[3, 0, 0]"
1517,1997,"[3, 0, 0]"
1518,1997,"[8, 10, 0]"
1519,1996,"[7, 0, 0]"
1520,1997,"[6, 0, 0]"
1522,1996,"[7, 0, 0]"
1523,1997,"[8, 9, 6]"
1524,1992,"[7, 0, 0]"
1525,1997,"[8, 4, 2]"
1526,1997,"[3, 0, 0]"
1527,1997,"[8, 12, 0]"
1528,1996,"[3, 0, 0]"
1529,1997,"[7, 0, 0]"
1531,1996,"[7, 0, 0]"
1532,1997,"[3, 0, 0]"
1533,1996,"[7, 0, 0]"
1534,1965,"[7, 0, 0]"
1535,1997,"[7, 6, 0]"
1537,1996,"[3, 0, 0]"
1538,1997,"[4, 2, 0]"
1539,1997,"[3, 9, 0]"
1541,1997,"[3, 6, 0]"
1542,1996,"[3, 7, 6]"
1543,1997,"[7, 0, 0]"
1544,1997,"[8, 4, 12]"
1545,1996,"[7, 0, 0]"
1546,1996,"[3, 0, 0]"
1547,1997,"[2, 7, 0]"
1548,1996,"[7, 0, 0]"
1549,1995,"[7, 6, 0]"
1550,1997,"[3, 6, 0]"
1551,1997,"[4, 2, 7]"
1552,1997,"[8, 4, 10]"
1553,1996,"[3, 0, 0]"
1554,1995,"[7, 6, 0]"
1555,1995,"[7, 0, 0]"
1556,1997,"[8, 6, 10]"
1557,1996,"[7, 0, 0]"
1558,1996,"[3, 0, 0]"
1559,1995,"[7, 0, 0]"
1561,1996,"[3, 0, 0]"
1562,1997,"[8, 4, 9]"
1563,1997,"[7, 0, 0]"
1564,1997,"[3, 6, 0]"
1565,1996,"[3, 10, 0]"
1566,1997,"[4, 1, 2]"
1567,1997,"[7, 0, 0]"
1568,1996,"[9, 7, 16]"
1569,1997,"[3, 6, 0]"
1570,1992,"[12, 0, 0]"
1571,1996,"[3, 6, 0]"
1572,1963,"[7, 0, 0]"
1573,1997,"[8, 12, 10]"
1574,1997,"[6, 0, 0]"
1575,1996,"[7, 0, 0]"
1577,1996,"[7, 0, 0]"
1578,1995,"[9, 0, 0]"
1579,1996,"[7, 0, 0]"
1580,1997,"[8, 4, 3]"
1581,1997,"[3, 0, 0]"
1582,1997,"[4, 2, 0]"
1583,1997,"[2, 5, 0]"
1584,1997,"[7, 12, 0]"
1585,1996,"[3, 0, 0]"
1586,1997,"[8, 7, 14]"
1587,1982,"[8, 4, 0]"
1588,1997,"[2, 3, 0]"
1589,1997,"[9, 7, 16]"
1590,1997,"[8, 16, 12]"
1591,1997,"[8, 4, 12]"
1592,1997,"[2, 3, 0]"
1593,1997,"[3, 6, 0]"
1594,1997,"[7, 0, 0]"
1595,1997,"[4, 2, 7]"
1596,1997,"[7, 0, 0]"
1597,1997,"[8, 16, 6]"
1598,1998,"[9, 7, 10]"
1599,1997,"[8, 0, 0]"
1600,1997,"[7, 6, 0]"
1601,1997,"[9, 7, 17]"
1602,1997,"[3, 0, 0]"
1603,1997,"[12, 10, 0]"
1604,1997,"[8, 3, 0]"
1605,1997,"[4, 6, 0]"
1606,1997,"[8, 4, 0]"
1608,1997,"[8, 10, 0]"
1609,1997,"[7, 0, 0]"
1610,1990,"[8, 10, 0]"
1611,1991,"[7, 0, 0]"
1612,1997,"[3, 0, 0]"
1613,1997,"[7, 0, 0]"
1614,1997,"[3, 0, 0]"
1615,1997,"[4, 10, 0]"
1616,1997,"[8, 10, 14]"
1617,1997,"[9, 17, 16]"
1619,1997,"[7, 14, 0]"
1620,1997,"[9, 7, 10]"
1621,1997,"[7, 0, 0]"
1622,1997,"[3, 7, 0]"
1623,1997,"[11, 0, 0]"
1624,1997,"[7, 0, 0]"
1625,1997,"[16, 10, 0]"
1626,1997,"[8, 7, 10]"
1627,1997,"[8, 9, 16]"
1628,1997,"[7, 0, 0]"
1629,1997,"[3, 6, 0]"
1630,1997,"[3, 7, 0]"
1631,1997,"[10, 0, 0]"
1632,1997,"[3, 6, 0]"
1633,1997,"[7, 0, 0]"
1635,1997,"[7, 0, 0]"
1636,1997,"[8, 10, 0]"
1639,1997,"[7, 6, 0]"
1640,1997,"[3, 0, 0]"
1641,1997,"[3, 0, 0]"
1642,1996,"[3, 7, 0]"
1643,1997,"[7, 6, 0]"
1644,1997,"[11, 16, 10]"
1645,1997,"[9, 11, 16]"
1646,1997,"[3, 0, 0]"
1647,1997,"[9, 10, 0]"
1648,1997,"[3, 7, 10]"
1649,1997,"[13, 0, 0]"
1650,1997,"[7, 0, 0]"
1651,1997,"[7, 0, 0]"
1652,1997,"[13, 0, 0]"
1653,1997,"[7, 12, 10]"
1654,1997,"[2, 7, 5]"
1655,1998,"[11, 0, 0]"
1656,1997,"[6, 0, 0]"
1657,1997,"[13, 0, 0]"
1658,1997,"[6, 10, 0]"
1659,1998,"[7, 0, 0]"
1660,1997,"[7, 0, 0]"
1661,1997,"[10, 0, 0]"
1662,1997,"[9, 0, 0]"
1663,1981,"[3, 0, 0]"
1664,1996,"[7, 0, 0]"
1665,1997,"[3, 0, 0]"
1666,1997,"[6, 0, 0]"
1667,1997,"[8, 7, 0]"
1668,1997,"[7, 0, 0]"
1669,1997,"[6, 0, 0]"
1670,1997,"[7, 14, 0]"
1671,1997,"[9, 0, 0]"
1672,1997,"[7, 0, 0]"
1673,1997,"[7, 0, 0]"
1674,1985,"[7, 6, 10]"
1675,1997,"[9, 10, 0]"
1676,1997,"[8, 4, 12]"
1677,1997,"[3, 0, 0]"
1678,1993,"[7, 0, 0]"
1679,1998,"[3, 0, 0]"
1680,1998,"[7, 6, 0]"
1681,1997,"[8, 4, 0]"
1682,1998,"[7, 0, 0]"
1683,1997,"[7, 6, 10]"
1684,1997,"[6, 0, 0]"
1685,1996,"[6, 0, 0]"
1686,1997,"[9, 10, 0]"
1687,1997,"[8, 10, 0]"
1688,1997,"[1, 2, 15]"
1689,1997,"[3, 16, 0]"
1690,1997,"[8, 11, 12]"
1692,1995,"[11, 12, 0]"
1693,1997,"[7, 0, 0]"
1694,1997,"[7, 0, 0]"
1695,1997,"[7, 0, 0]"
1696,1997,"[7, 14, 0]"
1697,1994,"[9, 0, 0]"
1698,1997,"[3, 0, 0]"
1699,1998,"[7, 0, 0]"
1701,1997,"[3, 7, 0]"
1702,1997,"[2, 3, 5]"
1703,1997,"[3, 0, 0]"
1704,1997,"[7, 0, 0]"
1705,1996,"[7, 0, 0]"
1706,1996,"[7, 0, 0]"
1707,1997,"[2, 3, 0]"
1708,1997,"[7, 0, 0]"
1709,1997,"[10, 0, 0]"
1710,1996,"[7, 0, 0]"
1711,1997,"[3, 9, 7]"
1713,1997,"[2, 3, 0]"
1714,1996,"[6, 0, 0]"
1715,1997,"[10, 0, 0]"
1716,1997,"[7, 0, 0]"
1717,1997,"[11, 10, 0]"
1718,1997,"[10, 0, 0]"
1719,1997,"[7, 0, 0]"
1720,1995,"[8, 4, 12]"
1721,1997,"[7, 6, 0]"
1722,1997,"[8, 6, 10]"
1723,1996,"[3, 7, 0]"
1724,1996,"[7, 0, 0]"
1725,1997,"[7, 0, 0]"
1726,1997,"[7, 0, 0]"
1727,1998,"[7, 0, 0]"
1728,1997,"[7, 0, 0]"
1729,1997,"[9, 7, 0]"
1730,1997,"[7, 0, 0]"
1731,1997,"[3, 0, 0]"
1732,1998,"[3, 9, 16]"
1733,1997,"[7, 6, 0]"
1734,1997,"[3, 7, 0]"
1735,1998,"[7, 6, 0]"
1738,1998,"[3, 0, 0]"
1739,1998,"[8, 2, 0]"
1740,1998,"[8, 7, 0]"
1741,1995,"[7, 0, 0]"
1742,1998,"[9, 0, 0]"
1743,1996,"[13, 0, 0]"
1744,1998,"[8, 4, 10]"
1746,1998,"[3, 0, 0]"
1747,1997,"[3, 7, 0]"
1748,1998,"[17, 12, 10]"
1749,1996,"[6, 0, 0]"
1750,1997,"[4, 2, 5]"
1752,1998,"[8, 10, 0]"
1753,1998,"[3, 0, 0]"
1754,1998,"[8, 16, 10]"
1755,1997,"[6, 0, 0]"
1756,1998,"[11, 0, 0]"
1757,1995,"[7, 0, 0]"
1758,1998,"[7, 0, 0]"
1759,1997,"[7, 0, 0]"
1760,1997,"[3, 15, 0]"
1762,1998,"[8, 11, 12]"
1764,1998,"[3, 10, 0]"
1765,1998,"[9, 7, 0]"
1767,1998,"[7, 6, 0]"
1768,1997,"[7, 0, 0]"
1769,1998,"[8, 10, 0]"
1770,1998,"[6, 10, 0]"
1771,1997,"[11, 0, 0]"
1772,1998,"[8, 3, 15]"
1773,1995,"[8, 7, 0]"
1774,1998,"[3, 7, 0]"
1776,1998,"[7, 0, 0]"
1777,1998,"[3, 6, 0]"
1779,1998,"[4, 12, 10]"
1780,1997,"[13, 0, 0]"
1781,1996,"[7, 0, 0]"
1782,1998,"[3, 6, 0]"
1783,1998,"[17, 16, 10]"
1784,1997,"[3, 7, 0]"
1785,1990,"[8, 9, 0]"
1787,1998,"[13, 0, 0]"
1788,1997,"[8, 7, 0]"
1789,1995,"[7, 0, 0]"
1791,1998,"[9, 7, 0]"
1792,1998,"[8, 10, 0]"
1793,1997,"[3, 0, 0]"
1794,1997,"[3, 7, 0]"
1795,1995,"[7, 0, 0]"
1796,1998,"[8, 7, 0]"
1797,1998,"[13, 0, 0]"
1798,1998,"[10, 0, 0]"
1799,1997,"[9, 7, 0]"
1801,1998,"[8, 7, 6]"
1804,1998,"[9, 7, 0]"
1805,1998,"[9, 7, 16]"
1806,1998,"[4, 2, 3]"
1807,1998,"[7, 0, 0]"
1809,1997,"[3, 9, 7]"
1810,1998,"[7, 0, 0]"
1811,1997,"[7, 0, 0]"
1812,1998,"[2, 3, 7]"
1814,1998,"[7, 0, 0]"
1815,1997,"[7, 0, 0]"
1816,1997,"[3, 7, 0]"
1817,1998,"[3, 7, 6]"
1819,1997,"[7, 0, 0]"
1820,1998,"[7, 0, 0]"
1821,1998,"[3, 6, 0]"
1822,1998,"[2, 3, 0]"
1824,1998,"[3, 10, 0]"
1825,1998,"[8, 7, 0]"
1826,1998,"[4, 2, 0]"
1827,1997,"[3, 13, 0]"
1829,1997,"[7, 6, 0]"
1830,1998,"[3, 0, 0]"
1831,1998,"[8, 12, 10]"
1832,1997,"[8, 7, 0]"
1833,1998,"[8, 7, 10]"
1834,1997,"[7, 10, 0]"
1835,1998,"[6, 0, 0]"
1836,1998,"[7, 0, 0]"
1837,1998,"[3, 0, 0]"
1839,1998,"[3, 0, 0]"
1840,1998,"[7, 0, 0]"
1841,1998,"[7, 10, 0]"
1842,1996,"[9, 7, 0]"
1843,1998,"[2, 3, 0]"
1844,1997,"[7, 0, 0]"
1845,1998,"[3, 10, 0]"
1846,1997,"[7, 0, 0]"
1847,1996,"[7, 10, 0]"
1848,1997,"[4, 2, 3]"
1849,1997,"[4, 0, 0]"
1850,1998,"[7, 6, 0]"
1851,1997,"[7, 6, 0]"
1852,1998,"[7, 10, 0]"
1853,1997,"[3, 0, 0]"
1854,1998,"[3, 6, 0]"
1855,1998,"[3, 0, 0]"
1856,1998,"[13, 15, 0]"
1857,1997,"[3, 0, 0]"
1858,1997,"[8, 3, 0]"
1859,1997,"[7, 0, 0]"
1860,1997,"[7, 0, 0]"
1861,1997,"[3, 10, 0]"
1862,1998,"[11, 12, 0]"
1863,1998,"[3, 0, 0]"
1864,1998,"[3, 0, 0]"
1865,1998,"[13, 0, 0]"
1866,1998,"[8, 3, 0]"
1867,1998,"[8, 4, 0]"
1868,1996,"[7, 14, 0]"
1869,1998,"[8, 10, 0]"
1870,1998,"[3, 7, 0]"
1871,1997,"[3, 7, 0]"
1872,1995,"[7, 0, 0]"
1873,1998,"[7, 0, 0]"
1874,1997,"[3, 6, 0]"
1875,1997,"[3, 0, 0]"
1876,1998,"[8, 7, 12]"
1877,1998,"[7, 0, 0]"
1878,1998,"[3, 6, 0]"
1879,1997,"[7, 0, 0]"
1880,1997,"[7, 0, 0]"
1881,1998,"[4, 1, 2]"
1882,1998,"[8, 12, 0]"
1883,1998,"[3, 0, 0]"
1884,1998,"[3, 7, 0]"
1885,1998,"[3, 7, 0]"
1886,1998,"[3, 0, 0]"
1887,1998,"[4, 3, 0]"
1888,1998,"[3, 7, 6]"
1889,1997,"[10, 0, 0]"
1890,1997,"[7, 0, 0]"
1891,1997,"[11, 10, 0]"
1892,1998,"[16, 10, 0]"
1893,1996,"[7, 0, 0]"
1894,1998,"[4, 3, 6]"
1895,1998,"[3, 7, 6]"
1896,1998,"[3, 0, 0]"
1897,1998,"[7, 6, 0]"
1898,1998,"[7, 14, 0]"
1899,1998,"[4, 7, 0]"
1900,1997,"[7, 0, 0]"
1901,1997,"[13, 0, 0]"
1902,1996,"[7, 6, 0]"
1903,1997,"[3, 0, 0]"
1904,1997,"[3, 7, 0]"
1905,1997,"[7, 0, 0]"
1906,1997,"[3, 6, 0]"
1907,1998,"[1, 2, 0]"
1908,1998,"[7, 10, 0]"
1909,1998,"[16, 12, 10]"
1910,1997,"[8, 3, 9]"
1911,1998,"[3, 0, 0]"
1912,1998,"[8, 9, 6]"
1913,1975,"[7, 16, 0]"
1914,1998,"[3, 7, 0]"
1915,1997,"[7, 0, 0]"
1916,1998,"[8, 3, 7]"
1917,1998,"[8, 4, 12]"
1918,1998,"[8, 3, 9]"
1919,1998,"[2, 3, 0]"
1920,1998,"[1, 2, 5]"
1921,1998,"[12, 10, 0]"
1922,1998,"[7, 0, 0]"
1923,1998,"[3, 0, 0]"
1924,1958,"[11, 12, 0]"
1925,1927,"[7, 6, 14]"
1926,1929,"[15, 0, 0]"
1927,1930,"[14, 0, 0]"
1928,1931,"[18, 0, 0]"
1929,1932,"[7, 0, 0]"
1930,1933,"[7, 0, 0]"
1931,1935,"[4, 0, 0]"
1932,1936,"[15, 0, 0]"
1933,1937,"[7, 0, 0]"
1934,1938,"[3, 0, 0]"
1935,1941,"[7, 0, 0]"
1936,1942,"[7, 14, 0]"
1937,1944,"[3, 0, 0]"
1938,1945,"[7, 0, 0]"
1939,1946,"[7, 14, 0]"
1940,1947,"[7, 0, 0]"
1941,1948,"[7, 0, 0]"
1942,1949,"[7, 0, 0]"
1943,1952,"[7, 0, 0]"
1944,1953,"[7, 6, 14]"
1945,1954,"[9, 7, 0]"
1946,1955,"[7, 6, 0]"
1947,1961,"[15, 6, 0]"
1948,1963,"[3, 0, 0]"
1949,1966,"[7, 0, 0]"
1950,1967,"[7, 16, 0]"
1951,1968,"[15, 0, 0]"
1952,1969,"[7, 0, 0]"
1953,1971,"[8, 9, 7]"
1954,1976,"[8, 7, 0]"
1955,1979,"[7, 0, 0]"
1956,1980,"[7, 0, 0]"
1957,1981,"[7, 0, 0]"
1958,1983,"[3, 7, 0]"
1959,1985,"[7, 6, 0]"
1960,1987,"[7, 14, 0]"
1961,1988,"[7, 0, 0]"
1962,1989,"[7, 0, 0]"
1963,1969,"[3, 0, 0]"
1964,1971,"[7, 16, 0]"
1965,1984,"[3, 12, 0]"
1966,1990,"[3, 0, 0]"
1967,1986,"[4, 2, 5]"
1968,1985,"[3, 7, 0]"
1969,1985,"[11, 0, 0]"
1970,1987,"[11, 0, 0]"
1971,1988,"[11, 0, 0]"
1972,1989,"[11, 0, 0]"
1973,1991,"[11, 0, 0]"
1974,1980,"[11, 0, 0]"
1975,1981,"[11, 0, 0]"
1976,1982,"[11, 0, 0]"
1977,1984,"[11, 0, 0]"
1978,1985,"[11, 0, 0]"
1979,1986,"[11, 0, 0]"
1980,1988,"[11, 0, 0]"
1981,1989,"[11, 0, 0]"
1982,1978,"[11, 0, 0]"
1983,1981,"[11, 0, 0]"
1984,1983,"[11, 0, 0]"
1985,1988,"[11, 0, 0]"
1986,1989,"[11, 0, 0]"
1987,1980,"[11, 0, 0]"
1988,1987,"[11, 0, 0]"
1989,1989,"[11, 0, 0]"
1990,1992,"[11, 0, 0]"
1991,1988,"[11, 0, 0]"
1992,1990,"[11, 0, 0]"
1993,1992,"[11, 0, 0]"
1994,1982,"[11, 10, 0]"
1995,1986,"[11, 10, 0]"
1996,1988,"[11, 10, 0]"
1997,1973,"[11, 0, 0]"
1998,1977,"[11, 0, 0]"
1999,1990,"[11, 0, 0]"
2000,1987,"[8, 3, 9]"
2001,1989,"[8, 3, 9]"
2002,1992,"[8, 3, 9]"
2003,1984,"[3, 11, 0]"
2004,1990,"[3, 11, 0]"
2005,1985,"[4, 2, 5]"
2006,1998,"[8, 4, 6]"
2007,1998,"[3, 0, 0]"
2008,1996,"[9, 7, 17]"
2009,1973,"[12, 10, 0]"
2010,1926,"[12, 0, 0]"
2011,1989,"[3, 12, 0]"
2012,1990,"[3, 12, 18]"
2013,1972,"[8, 4, 0]"
2014,1977,"[2, 3, 0]"
2015,1961,"[2, 3, 5]"
2016,1979,"[2, 3, 18]"
2017,1961,"[2, 5, 15]"
2018,1942,"[1, 2, 0]"
2019,1954,"[8, 7, 0]"
2020,1988,"[7, 6, 0]"
2021,1984,"[5, 12, 0]"
2022,1988,"[7, 0, 0]"
2023,1990,"[8, 9, 7]"
2024,1991,"[7, 16, 0]"
2025,1997,"[7, 6, 0]"
2026,1998,"[11, 10, 0]"
2027,1998,"[3, 9, 0]"
2028,1998,"[8, 7, 14]"
2029,1997,"[3, 6, 0]"
2030,1997,"[7, 0, 0]"
2031,1971,"[2, 3, 0]"
2032,1971,"[2, 3, 0]"
2033,1985,"[1, 2, 0]"
2034,1979,"[12, 0, 0]"
2035,1968,"[2, 3, 0]"
2036,1994,"[2, 3, 0]"
2037,1977,"[4, 2, 3]"
2038,1978,"[2, 3, 12]"
2039,1989,"[4, 2, 0]"
2040,1970,"[2, 3, 0]"
2041,1981,"[8, 4, 2]"
2042,1994,"[2, 3, 0]"
2043,1959,"[4, 2, 5]"
2044,1981,"[3, 0, 0]"
2045,1993,"[4, 2, 7]"
2046,1986,"[4, 2, 12]"
2047,1967,"[2, 0, 0]"
2048,1986,"[1, 2, 0]"
2049,1967,"[3, 15, 0]"
2050,1980,"[4, 2, 3]"
2051,1977,"[4, 2, 3]"
2052,1993,"[2, 3, 0]"
2053,1992,"[2, 3, 12]"
2054,1989,"[4, 2, 3]"
2055,1978,"[3, 18, 0]"
2056,1962,"[4, 2, 0]"
2057,1963,"[4, 2, 0]"
2058,1998,"[8, 10, 0]"
2059,1998,"[2, 7, 0]"
2060,1998,"[3, 0, 0]"
2061,1997,"[13, 0, 0]"
2062,1998,"[7, 6, 0]"
2063,1997,"[7, 6, 0]"
2064,1989,"[3, 13, 0]"
2065,1985,"[3, 7, 6]"
2066,1947,"[17, 0, 0]"
2067,1965,"[7, 6, 14]"
2068,1982,"[7, 0, 0]"
2069,1985,"[7, 0, 0]"
2070,1983,"[7, 0, 0]"
2071,1993,"[7, 0, 0]"
2072,1989,"[3, 0, 0]"
2073,1985,"[3, 0, 0]"
2074,1974,"[7, 0, 0]"
2075,1981,"[7, 14, 0]"
2076,1986,"[7, 16, 0]"
2077,1985,"[4, 2, 0]"
2078,1967,"[1, 2, 3]"
2079,1960,"[2, 7, 0]"
2080,1955,"[1, 2, 3]"
2081,1989,"[1, 2, 3]"
2082,1992,"[2, 3, 0]"
2083,1992,"[2, 15, 0]"
2084,1992,"[2, 15, 0]"
2085,1961,"[1, 2, 0]"
2086,1985,"[7, 5, 0]"
2087,1953,"[1, 2, 5]"
2088,1980,"[4, 3, 15]"
2089,1990,"[1, 2, 0]"
2090,1977,"[1, 2, 0]"
2091,1978,"[2, 12, 0]"
2092,1993,"[1, 2, 15]"
2093,1985,"[4, 2, 5]"
2094,1991,"[8, 4, 12]"
2095,1976,"[2, 3, 0]"
2096,1959,"[1, 2, 15]"
2097,1983,"[2, 11, 0]"
2098,1963,"[2, 3, 0]"
2099,1946,"[4, 1, 2]"
2100,1984,"[3, 5, 6]"
2101,1994,"[4, 7, 0]"
2102,1940,"[1, 2, 3]"
2103,1994,"[4, 2, 0]"
2104,1982,"[7, 0, 0]"
2105,1982,"[8, 4, 5]"
2106,1993,"[7, 14, 0]"
2107,1998,"[11, 10, 0]"
2108,1991,"[3, 6, 0]"
2109,1979,"[3, 0, 0]"
2110,1982,"[3, 9, 10]"
2111,1983,"[3, 0, 0]"
2112,1991,"[9, 7, 0]"
2113,1990,"[11, 10, 0]"
2114,1983,"[7, 0, 0]"
2115,1984,"[8, 4, 0]"
2116,1978,"[4, 1, 2]"
2117,1984,"[7, 12, 0]"
2118,1983,"[11, 10, 0]"
2119,1986,"[11, 0, 0]"
2120,1993,"[7, 11, 0]"
2121,1983,"[11, 10, 0]"
2122,1984,"[11, 10, 0]"
2123,1989,"[1, 2, 0]"
2124,1991,"[3, 0, 0]"
2125,1998,"[7, 6, 0]"
2126,1998,"[8, 9, 16]"
2127,1997,"[7, 6, 0]"
2128,1998,"[3, 0, 0]"
2129,1997,"[13, 0, 0]"
2130,1980,"[9, 7, 6]"
2131,1978,"[7, 0, 0]"
2132,1966,"[7, 0, 0]"
2133,1987,"[4, 3, 0]"
2134,1985,"[3, 0, 0]"
2135,1967,"[4, 15, 0]"
2136,1963,"[3, 0, 0]"
2137,1973,"[1, 2, 0]"
2138,1978,"[1, 2, 7]"
2139,1982,"[1, 2, 0]"
2140,1982,"[2, 5, 12]"
2141,1986,"[1, 2, 3]"
2142,1991,"[1, 2, 3]"
2143,1985,"[4, 5, 6]"
2144,1984,"[3, 0, 0]"
2145,1986,"[3, 7, 6]"
2146,1985,"[7, 6, 0]"
2147,1986,"[7, 0, 0]"
2148,1986,"[3, 11, 0]"
2149,1987,"[3, 11, 0]"
2150,1980,"[3, 0, 0]"
2151,1989,"[3, 0, 0]"
2152,1998,"[2, 3, 0]"
2153,1998,"[8, 4, 0]"
2154,1998,"[7, 6, 0]"
2155,1998,"[3, 0, 0]"
2156,1997,"[3, 7, 0]"
2157,1998,"[6, 0, 0]"
2158,1996,"[9, 11, 0]"
2159,1990,"[9, 11, 0]"
2160,1968,"[11, 10, 0]"
2161,1984,"[4, 2, 5]"
2162,1990,"[4, 2, 5]"
2163,1980,"[3, 11, 0]"
2164,1987,"[7, 0, 0]"
2165,1998,"[7, 0, 0]"
2166,1998,"[7, 6, 0]"
2167,1998,"[8, 4, 11]"
2168,1998,"[7, 6, 0]"
2169,1998,"[3, 0, 0]"
2170,1998,"[8, 3, 0]"
2171,1998,"[3, 7, 6]"
2172,1998,"[3, 0, 0]"
2173,1988,"[4, 5, 12]"
2174,1988,"[3, 5, 0]"
2175,1997,"[7, 6, 0]"
2176,1948,"[10, 0, 0]"
2177,1976,"[3, 10, 0]"
2178,1972,"[10, 0, 0]"
2179,1969,"[10, 0, 0]"
2180,1966,"[10, 0, 0]"
2181,1964,"[10, 0, 0]"
2182,1956,"[7, 17, 10]"
2183,1956,"[10, 0, 0]"
2184,1955,"[16, 10, 0]"
2185,1953,"[10, 0, 0]"
2186,1951,"[17, 10, 0]"
2187,1950,"[16, 10, 0]"
2188,1998,"[7, 0, 0]"
2189,1997,"[1, 0, 0]"
2190,1998,"[7, 0, 0]"
2191,1997,"[3, 0, 0]"
2192,1997,"[7, 0, 0]"
2193,1988,"[8, 4, 5]"
2194,1987,"[8, 9, 7]"
2195,1998,"[3, 0, 0]"
2196,1998,"[8, 0, 0]"
2197,1997,"[7, 0, 0]"
2198,1998,"[13, 0, 0]"
2199,1998,"[9, 7, 0]"
2200,1949,"[7, 0, 0]"
2201,1947,"[7, 0, 0]"
2202,1944,"[7, 10, 14]"
2203,1943,"[17, 10, 0]"
2204,1942,"[10, 0, 0]"
2205,1941,"[3, 0, 0]"
2206,1941,"[16, 10, 0]"
2207,1939,"[7, 0, 0]"
2208,1938,"[3, 16, 6]"
2209,1937,"[9, 10, 0]"
2210,1936,"[10, 0, 0]"
2211,1936,"[10, 0, 0]"
2212,1934,"[10, 0, 0]"
2213,1933,"[3, 15, 0]"
2214,1932,"[10, 0, 0]"
2215,1932,"[3, 6, 0]"
2216,1931,"[7, 0, 0]"
2217,1930,"[3, 15, 0]"
2218,1930,"[7, 0, 0]"
2219,1930,"[16, 10, 0]"
2220,1929,"[7, 0, 0]"
2221,1929,"[10, 0, 0]"
2222,1928,"[3, 0, 0]"
2223,1928,"[3, 0, 0]"
2224,1927,"[7, 0, 0]"
2225,1927,"[7, 0, 0]"
2226,1927,"[7, 0, 0]"
2227,1926,"[10, 0, 0]"
2228,1926,"[7, 0, 0]"
2229,1925,"[7, 0, 0]"
2230,1923,"[3, 0, 0]"
2231,1998,"[9, 7, 0]"
2232,1997,"[12, 10, 0]"
2233,1998,"[7, 0, 0]"
2234,1998,"[7, 0, 0]"
2235,1999,"[7, 14, 0]"
2236,1998,"[7, 0, 0]"
2237,1998,"[7, 0, 0]"
2238,1976,"[3, 7, 0]"
2239,1975,"[3, 7, 0]"
2240,1980,"[7, 0, 0]"
2241,1983,"[3, 0, 0]"
2242,1984,"[7, 0, 0]"
2243,1987,"[3, 7, 6]"
2244,1987,"[3, 6, 0]"
2245,1988,"[3, 7, 0]"
2246,1988,"[3, 0, 0]"
2247,1988,"[3, 0, 0]"
2248,1989,"[3, 7, 6]"
2249,1990,"[3, 0, 0]"
2250,1990,"[7, 0, 0]"
2251,1991,"[3, 0, 0]"
2252,1992,"[3, 7, 0]"
2253,1992,"[8, 3, 5]"
2254,1981,"[7, 0, 0]"
2255,1982,"[3, 0, 0]"
2256,1982,"[11, 12, 0]"
2257,1984,"[3, 6, 0]"
2258,1984,"[8, 0, 0]"
2259,1984,"[3, 6, 0]"
2260,1986,"[8, 9, 0]"
2261,1986,"[3, 0, 0]"
2262,1986,"[3, 7, 6]"
2263,1988,"[10, 0, 0]"
2264,1989,"[7, 0, 0]"
2265,1991,"[4, 3, 0]"
2266,1991,"[3, 6, 0]"
2267,1991,"[16, 10, 0]"
2268,1992,"[9, 7, 0]"
2269,1993,"[7, 0, 0]"
2270,1994,"[13, 0, 0]"
2271,1998,"[7, 0, 0]"
2272,1998,"[7, 0, 0]"
2273,1998,"[8, 10, 0]"
2274,1995,"[7, 0, 0]"
2275,1998,"[8, 4, 12]"
2276,1998,"[7, 0, 0]"
2277,1997,"[7, 0, 0]"
2278,1998,"[8, 9, 10]"
2279,1998,"[11, 10, 0]"
2280,1998,"[9, 0, 0]"
2281,1998,"[9, 0, 0]"
2282,1998,"[3, 7, 0]"
2283,1990,"[7, 0, 0]"
2284,1994,"[7, 0, 0]"
2285,1968,"[7, 0, 0]"
2286,1980,"[3, 0, 0]"
2287,1954,"[12, 10, 14]"
2288,1982,"[8, 11, 12]"
2289,1992,"[3, 7, 0]"
2290,1980,"[3, 7, 0]"
2291,1990,"[7, 6, 0]"
2292,1996,"[6, 0, 0]"
2293,1998,"[7, 0, 0]"
2294,1998,"[1, 2, 0]"
2295,1998,"[3, 0, 0]"
2296,1998,"[3, 0, 0]"
2297,1998,"[7, 6, 0]"
2298,1998,"[10, 0, 0]"
2299,1959,"[3, 0, 0]"
2300,1968,"[3, 15, 0]"
2301,1981,"[3, 0, 0]"
2302,1992,"[3, 0, 0]"
2303,1975,"[7, 15, 0]"
2304,1998,"[7, 0, 0]"
2305,1998,"[7, 0, 0]"
2306,1998,"[3, 0, 0]"
2307,1998,"[8, 7, 0]"
2308,1973,"[8, 9, 0]"
2309,1998,"[7, 0, 0]"
2310,1998,"[7, 0, 0]"
2311,1984,"[16, 12, 0]"
2312,1986,"[7, 0, 0]"
2313,1980,"[7, 0, 0]"
2314,1998,"[7, 0, 0]"
2315,1998,"[11, 10, 0]"
2316,1998,"[7, 6, 0]"
2317,1997,"[3, 0, 0]"
2318,1998,"[3, 0, 0]"
2319,1997,"[3, 0, 0]"
2320,1998,"[7, 10, 0]"
2321,1998,"[3, 0, 0]"
2322,1998,"[8, 4, 12]"
2323,1998,"[13, 0, 0]"
2324,1997,"[3, 7, 0]"
2325,1997,"[3, 0, 0]"
2326,1998,"[7, 10, 0]"
2327,1990,"[11, 0, 0]"
2328,1998,"[11, 0, 0]"
2329,1998,"[7, 0, 0]"
2330,1996,"[13, 0, 0]"
2331,1998,"[3, 6, 0]"
2332,1998,"[9, 7, 0]"
2333,1998,"[7, 0, 0]"
2334,1998,"[8, 10, 0]"
2335,1998,"[3, 0, 0]"
2336,1998,"[7, 0, 0]"
2337,1998,"[7, 0, 0]"
2338,1998,"[11, 16, 10]"
2339,1998,"[3, 6, 0]"
2340,1998,"[6, 0, 0]"
2341,1998,"[7, 0, 0]"
2342,1996,"[3, 0, 0]"
2343,1998,"[7, 0, 0]"
2344,1985,"[8, 4, 7]"
2345,1986,"[7, 0, 0]"
2346,1975,"[12, 10, 0]"
2347,1984,"[8, 0, 0]"
2348,1986,"[7, 0, 0]"
2349,1986,"[3, 10, 0]"
2350,1990,"[3, 0, 0]"
2351,1957,"[7, 0, 0]"
2352,1983,"[3, 7, 0]"
2353,1998,"[8, 10, 0]"
2354,1998,"[1, 2, 3]"
2355,1998,"[1, 2, 3]"
2356,1998,"[3, 0, 0]"
2357,1998,"[7, 0, 0]"
2358,1998,"[7, 0, 0]"
2359,1998,"[3, 0, 0]"
2360,1998,"[7, 0, 0]"
2361,1972,"[3, 0, 0]"
2362,1953,"[7, 0, 0]"
2363,1954,"[8, 12, 0]"
2364,1984,"[8, 12, 0]"
2365,1962,"[8, 12, 0]"
2366,1933,"[8, 4, 11]"
2367,1976,"[8, 4, 11]"
2368,1986,"[8, 4, 11]"
2369,1985,"[3, 6, 0]"
2370,1985,"[8, 4, 7]"
2371,1985,"[3, 0, 0]"
2372,1989,"[3, 0, 0]"
2373,1985,"[8, 4, 0]"
2374,1986,"[3, 7, 0]"
2375,1986,"[3, 0, 0]"
2376,1985,"[8, 0, 0]"
2377,1985,"[11, 12, 0]"
2378,1984,"[3, 0, 0]"
2379,1985,"[3, 0, 0]"
2380,1986,"[3, 0, 0]"
2381,1987,"[3, 0, 0]"
2382,1988,"[3, 0, 0]"
2383,1989,"[3, 0, 0]"
2384,1998,"[2, 3, 0]"
2385,1998,"[3, 6, 0]"
2386,1998,"[7, 0, 0]"
2387,1998,"[3, 9, 0]"
2388,1997,"[7, 6, 0]"
2389,1998,"[9, 11, 10]"
2390,1998,"[3, 0, 0]"
2391,1998,"[9, 10, 0]"
2392,1998,"[3, 7, 0]"
2393,1998,"[8, 12, 0]"
2394,1998,"[1, 15, 0]"
2395,1998,"[3, 0, 0]"
2396,1998,"[3, 6, 0]"
2397,1984,"[7, 0, 0]"
2398,1947,"[7, 0, 0]"
2399,1985,"[4, 2, 5]"
2400,1989,"[2, 7, 0]"
2401,1985,"[18, 0, 0]"
2402,1985,"[8, 14, 0]"
2403,1982,"[8, 0, 0]"
2404,1988,"[8, 14, 0]"
2405,1985,"[8, 4, 3]"
2406,1984,"[8, 4, 3]"
2407,1985,"[3, 12, 0]"
2408,1988,"[3, 12, 0]"
2409,1979,"[8, 7, 0]"
2410,1982,"[8, 7, 0]"
2411,1985,"[8, 7, 0]"
2412,1990,"[8, 7, 0]"
2413,1985,"[3, 16, 0]"
2414,1985,"[8, 4, 16]"
2415,1986,"[7, 6, 0]"
2416,1986,"[3, 0, 0]"
2417,1986,"[3, 7, 0]"
2418,1986,"[3, 0, 0]"
2419,1986,"[7, 10, 0]"
2420,1984,"[7, 0, 0]"
2421,1986,"[8, 4, 7]"
2422,1989,"[8, 4, 7]"
2423,1989,"[3, 0, 0]"
2424,1998,"[3, 6, 0]"
2425,1998,"[9, 0, 0]"
2426,1998,"[3, 7, 6]"
2427,1998,"[8, 7, 14]"
2428,1998,"[11, 12, 0]"
2429,1998,"[4, 2, 7]"
2430,1949,"[4, 2, 7]"
2431,1998,"[3, 7, 0]"
2432,1998,"[7, 0, 0]"
2433,1998,"[7, 0, 0]"
2434,1998,"[7, 0, 0]"
2435,1998,"[7, 0, 0]"
2436,1999,"[3, 0, 0]"
2437,1997,"[7, 0, 0]"
2438,1998,"[7, 10, 0]"
2439,1997,"[7, 0, 0]"
2440,1998,"[7, 0, 0]"
2441,1998,"[7, 18, 0]"
2442,1998,"[7, 0, 0]"
2443,1998,"[7, 6, 0]"
2444,1997,"[3, 7, 0]"
2445,1999,"[7, 0, 0]"
2446,1999,"[10, 0, 0]"
2447,1999,"[3, 7, 0]"
2448,1999,"[11, 12, 0]"
2449,1987,"[4, 2, 0]"
2450,1986,"[4, 2, 12]"
2451,1987,"[11, 0, 0]"
2452,1990,"[11, 0, 0]"
2453,1986,"[7, 5, 0]"
2454,1958,"[11, 12, 0]"
2455,1986,"[11, 12, 0]"
2456,1989,"[11, 12, 0]"
2457,1986,"[8, 3, 0]"
2458,1986,"[3, 9, 0]"
2459,1974,"[11, 0, 0]"
2460,1986,"[11, 0, 0]"
2461,1990,"[11, 0, 0]"
2462,1994,"[11, 0, 0]"
2463,1986,"[3, 0, 0]"
2464,1986,"[11, 0, 0]"
2465,1986,"[11, 0, 0]"
2466,1986,"[7, 0, 0]"
2467,1986,"[16, 0, 0]"
2468,1986,"[8, 3, 6]"
2469,1986,"[3, 6, 0]"
2470,1986,"[4, 3, 0]"
2471,1988,"[4, 3, 0]"
2472,1986,"[3, 0, 0]"
2473,1986,"[3, 0, 0]"
2474,1986,"[7, 0, 0]"
2475,1986,"[8, 16, 10]"
2476,1986,"[8, 14, 0]"
2477,1986,"[4, 0, 0]"
2478,1986,"[3, 18, 0]"
2479,1999,"[7, 10, 0]"
2480,1997,"[7, 0, 0]"
2481,1998,"[7, 6, 0]"
2482,1998,"[3, 6, 0]"
2483,1995,"[3, 11, 10]"
2484,1998,"[3, 0, 0]"
2485,1999,"[3, 6, 0]"
2486,1998,"[7, 0, 0]"
2487,1998,"[8, 3, 0]"
2488,1960,"[7, 11, 10]"
2489,1998,"[7, 0, 0]"
2490,1999,"[8, 10, 0]"
2491,1999,"[3, 6, 0]"
2492,1998,"[3, 0, 0]"
2493,1997,"[7, 0, 0]"
2494,1998,"[13, 0, 0]"
2495,1973,"[1, 12, 0]"
2496,1999,"[3, 6, 0]"
2497,1999,"[6, 0, 0]"
2498,1999,"[3, 12, 0]"
2499,1998,"[3, 0, 0]"
2500,1999,"[3, 0, 0]"
2501,1999,"[7, 0, 0]"
2502,1999,"[3, 6, 0]"
2503,1998,"[7, 0, 0]"
2504,1999,"[3, 7, 0]"
2505,1999,"[10, 0, 0]"
2506,1999,"[3, 7, 6]"
2507,1999,"[3, 0, 0]"
2508,1999,"[7, 0, 0]"
2509,1997,"[3, 0, 0]"
2510,1999,"[3, 6, 0]"
2511,1973,"[9, 0, 0]"
2512,1982,"[7, 0, 0]"
2513,1989,"[11, 0, 0]"
2514,1992,"[11, 0, 0]"
2515,1993,"[11, 0, 0]"
2516,1994,"[11, 0, 0]"
2517,1983,"[11, 0, 0]"
2518,1982,"[3, 0, 0]"
2519,1958,"[11, 0, 0]"
2520,1970,"[7, 0, 0]"
2521,1974,"[7, 0, 0]"
2522,1977,"[7, 0, 0]"
2523,1977,"[7, 10, 0]"
2524,1974,"[8, 7, 0]"
2525,1980,"[8, 11, 12]"
2526,1979,"[12, 0, 0]"
2527,1973,"[8, 12, 10]"
2528,1976,"[8, 4, 12]"
2529,1968,"[8, 12, 0]"
2530,1970,"[8, 12, 0]"
2531,1973,"[8, 12, 0]"
2532,1972,"[8, 12, 0]"
2533,1971,"[8, 12, 0]"
2534,1978,"[8, 0, 0]"
2535,1974,"[8, 0, 0]"
2536,1979,"[7, 0, 0]"
2537,1979,"[4, 0, 0]"
2538,1998,"[13, 0, 0]"
2539,1999,"[3, 0, 0]"
2540,1999,"[8, 9, 7]"
2541,1999,"[7, 0, 0]"
2542,1998,"[3, 9, 10]"
2543,1997,"[3, 0, 0]"
2544,1998,"[7, 0, 0]"
2545,1998,"[3, 0, 0]"
2546,1999,"[7, 0, 0]"
2547,1998,"[7, 0, 0]"
2548,1999,"[11, 0, 0]"
2549,1999,"[8, 12, 0]"
2550,1963,"[11, 10, 0]"
2551,1988,"[7, 10, 0]"
2552,1993,"[3, 0, 0]"
2553,1960,"[11, 12, 10]"
2554,1963,"[11, 12, 10]"
2555,1999,"[3, 0, 0]"
2556,1998,"[3, 7, 6]"
2557,1998,"[7, 0, 0]"
2558,1999,"[3, 6, 0]"
2559,1999,"[1, 2, 0]"
2560,1999,"[7, 11, 0]"
2561,1999,"[9, 10, 0]"
2562,1997,"[7, 0, 0]"
2563,1998,"[7, 0, 0]"
2564,1999,"[7, 0, 0]"
2565,1956,"[15, 0, 0]"
2566,1999,"[1, 2, 0]"
2567,1999,"[3, 0, 0]"
2568,1999,"[8, 9, 0]"
2569,1998,"[7, 6, 0]"
2570,1999,"[7, 6, 0]"
2571,1999,"[8, 12, 10]"
2572,1999,"[3, 6, 0]"
2573,1998,"[7, 0, 0]"
2574,1999,"[3, 0, 0]"
2575,1998,"[7, 0, 0]"
2576,1996,"[7, 0, 0]"
2577,1997,"[3, 7, 0]"
2578,1997,"[12, 0, 0]"
2579,1998,"[7, 0, 0]"
2580,1999,"[9, 0, 0]"
2581,1999,"[3, 6, 0]"
2582,1992,"[8, 3, 0]"
2583,1999,"[16, 0, 0]"
2584,1999,"[3, 0, 0]"
2585,1998,"[7, 6, 0]"
2586,1999,"[3, 9, 10]"
2587,1999,"[3, 0, 0]"
2588,1998,"[7, 0, 0]"
2589,1999,"[3, 7, 6]"
2590,1998,"[7, 0, 0]"
2591,1998,"[3, 6, 0]"
2592,1999,"[7, 0, 0]"
2593,1994,"[3, 0, 0]"
2594,1997,"[7, 6, 12]"
2595,1998,"[13, 0, 0]"
2596,1998,"[3, 7, 0]"
2597,1999,"[3, 6, 0]"
2598,1999,"[3, 0, 0]"
2599,1999,"[3, 0, 0]"
2600,1999,"[8, 12, 10]"
2601,1998,"[3, 0, 0]"
2602,1977,"[4, 12, 0]"
2603,1998,"[7, 0, 0]"
2604,1998,"[13, 0, 0]"
2605,1999,"[9, 10, 0]"
2606,1999,"[3, 11, 0]"
2607,1998,"[7, 0, 0]"
2608,1998,"[10, 0, 0]"
2609,1996,"[7, 0, 0]"
2610,1999,"[7, 0, 0]"
2611,1998,"[7, 0, 0]"
2612,1945,"[7, 0, 0]"
2613,1984,"[8, 11, 12]"
2614,1986,"[8, 11, 12]"
2615,1985,"[4, 12, 0]"
2616,1990,"[8, 9, 0]"
2617,1999,"[8, 4, 11]"
2618,1997,"[3, 0, 0]"
2619,1999,"[7, 0, 0]"
2620,1998,"[7, 6, 0]"
2621,1998,"[7, 6, 0]"
2622,1999,"[3, 5, 0]"
2623,1999,"[3, 0, 0]"
2624,1998,"[7, 0, 0]"
2625,1996,"[8, 0, 0]"
2626,1998,"[3, 7, 6]"
2627,1998,"[13, 7, 0]"
2628,1999,"[8, 4, 5]"
2629,1999,"[3, 6, 0]"
2630,1998,"[7, 0, 0]"
2631,1998,"[3, 17, 10]"
2632,1965,"[7, 0, 0]"
2633,1932,"[11, 6, 0]"
2634,1959,"[11, 0, 0]"
2635,1944,"[11, 0, 0]"
2636,1944,"[11, 0, 0]"
2637,1940,"[11, 0, 0]"
2638,1942,"[11, 0, 0]"
2639,1981,"[7, 0, 0]"
2640,1978,"[8, 4, 12]"
2641,1980,"[8, 4, 12]"
2642,1983,"[8, 4, 12]"
2643,1987,"[8, 4, 12]"
2644,1931,"[11, 0, 0]"
2645,1958,"[11, 0, 0]"
2646,1945,"[11, 0, 0]"
2647,1944,"[11, 0, 0]"
2648,1931,"[11, 0, 0]"
2649,1939,"[11, 0, 0]"
2650,1942,"[11, 0, 0]"
2651,1943,"[11, 0, 0]"
2652,1957,"[11, 0, 0]"
2653,1943,"[11, 0, 0]"
2654,1941,"[11, 0, 0]"
2655,1985,"[11, 0, 0]"
2656,1955,"[11, 12, 0]"
2657,1975,"[3, 11, 15]"
2658,1950,"[12, 0, 0]"
2659,1982,"[3, 13, 0]"
2660,1951,"[12, 0, 0]"
2661,1953,"[12, 0, 0]"
2662,1953,"[8, 12, 14]"
2663,1955,"[12, 0, 0]"
2664,1956,"[11, 12, 0]"
2665,1956,"[12, 0, 0]"
2666,1956,"[12, 0, 0]"
2667,1956,"[12, 0, 0]"
2668,1982,"[11, 12, 0]"
2669,1959,"[14, 0, 0]"
2670,1958,"[14, 0, 0]"
2671,1999,"[3, 6, 0]"
2672,1999,"[7, 12, 10]"
2673,1998,"[7, 0, 0]"
2674,1999,"[7, 0, 0]"
2675,1998,"[3, 7, 6]"
2676,1999,"[7, 10, 0]"
2677,1999,"[13, 0, 0]"
2678,1999,"[7, 0, 0]"
2679,1999,"[7, 6, 0]"
2680,1997,"[7, 0, 0]"
2681,1998,"[3, 6, 12]"
2682,1999,"[7, 0, 0]"
2683,1999,"[3, 0, 0]"
2684,1999,"[3, 7, 0]"
2685,1998,"[3, 7, 0]"
2686,1998,"[7, 16, 0]"
2687,1999,"[1, 2, 0]"
2688,1999,"[7, 10, 0]"
2689,1999,"[13, 0, 0]"
2690,1999,"[3, 0, 0]"
2691,1998,"[7, 0, 0]"
2692,1998,"[8, 9, 6]"
2693,1997,"[13, 0, 0]"
2694,1999,"[3, 0, 0]"
2695,1997,"[7, 0, 0]"
2696,1998,"[3, 0, 0]"
2697,1998,"[3, 7, 6]"
2698,1997,"[12, 0, 0]"
2699,1990,"[8, 3, 12]"
2700,1999,"[1, 3, 0]"
2701,1999,"[8, 12, 18]"
2702,1999,"[7, 0, 0]"
2703,1998,"[7, 0, 0]"
2704,1991,"[7, 6, 0]"
2705,1998,"[7, 0, 0]"
2706,1999,"[3, 0, 0]"
2707,1999,"[10, 0, 0]"
2708,1998,"[6, 0, 0]"
2709,1999,"[2, 3, 0]"
2710,1999,"[11, 0, 0]"
2711,1999,"[7, 0, 0]"
2712,1999,"[7, 0, 0]"
2713,1999,"[11, 10, 0]"
2714,1999,"[7, 0, 0]"
2715,1998,"[3, 6, 0]"
2716,1984,"[3, 11, 0]"
2717,1989,"[3, 11, 0]"
2718,1999,"[3, 0, 0]"
2719,1999,"[11, 10, 0]"
2720,1999,"[8, 4, 2]"
2721,1999,"[6, 0, 0]"
2722,1999,"[8, 12, 10]"
2723,1999,"[8, 4, 3]"
2724,1999,"[3, 6, 0]"
2725,1999,"[7, 0, 0]"
2726,1956,"[9, 17, 0]"
2727,1955,"[17, 0, 0]"
2728,1960,"[7, 0, 0]"
2729,1962,"[7, 0, 0]"
2730,1975,"[7, 0, 0]"
2731,1959,"[7, 0, 0]"
2732,1961,"[7, 0, 0]"
2733,1988,"[4, 3, 0]"
2734,1986,"[7, 0, 0]"
2735,1986,"[8, 4, 3]"
2736,1986,"[3, 0, 0]"
2737,1987,"[8, 0, 0]"
2738,1986,"[3, 7, 0]"
2739,1985,"[7, 0, 0]"
2740,1986,"[11, 0, 0]"
2741,1986,"[8, 10, 0]"
2742,1986,"[3, 7, 0]"
2743,1986,"[7, 0, 0]"
2744,1986,"[7, 0, 0]"
2745,1986,"[7, 0, 0]"
2746,1986,"[3, 11, 15]"
2747,1960,"[3, 11, 0]"
2748,1987,"[8, 4, 0]"
2749,1986,"[7, 16, 0]"
2750,1987,"[3, 7, 0]"
2751,1987,"[3, 0, 0]"
2752,1987,"[3, 16, 0]"
2753,1987,"[10, 0, 0]"
2754,1987,"[11, 0, 0]"
2755,1987,"[7, 0, 0]"
2756,1987,"[8, 0, 0]"
2757,1982,"[7, 0, 0]"
2758,1985,"[7, 0, 0]"
2759,1999,"[3, 0, 0]"
2760,1997,"[7, 0, 0]"
2761,1999,"[1, 2, 0]"
2762,1999,"[10, 0, 0]"
2763,1999,"[8, 10, 0]"
2764,1968,"[9, 7, 10]"
2765,1998,"[3, 7, 0]"
2766,1998,"[3, 7, 0]"
2767,1998,"[3, 0, 0]"
2768,1998,"[3, 0, 0]"
2769,1999,"[9, 16, 0]"
2770,1999,"[3, 0, 0]"
2771,1999,"[7, 0, 0]"
2772,1999,"[3, 0, 0]"
2773,1998,"[7, 0, 0]"
2774,1999,"[3, 6, 0]"
2775,1998,"[7, 0, 0]"
2776,1997,"[13, 0, 0]"
2777,1925,"[7, 0, 0]"
2778,1995,"[10, 0, 0]"
2779,1978,"[3, 0, 0]"
2780,1963,"[3, 11, 0]"
2781,1959,"[11, 0, 0]"
2782,1961,"[11, 0, 0]"
2783,1965,"[11, 0, 0]"
2784,1964,"[11, 0, 0]"
2785,1962,"[11, 0, 0]"
2786,1986,"[3, 0, 0]"
2787,1985,"[11, 0, 0]"
2788,1971,"[3, 0, 0]"
2789,1978,"[11, 0, 0]"
2790,1981,"[11, 0, 0]"
2791,1980,"[3, 0, 0]"
2792,1982,"[3, 0, 0]"
2793,1997,"[3, 11, 0]"
2794,1985,"[3, 0, 0]"
2795,1983,"[3, 0, 0]"
2796,1988,"[3, 0, 0]"
2797,1988,"[3, 5, 0]"
2798,1990,"[3, 0, 0]"
2799,1991,"[3, 0, 0]"
2800,1992,"[1, 2, 0]"
2801,1997,"[7, 6, 0]"
2802,1988,"[8, 6, 10]"
2803,1993,"[10, 0, 0]"
2804,1983,"[3, 7, 0]"
2805,1999,"[3, 6, 0]"
2806,1999,"[3, 10, 0]"
2807,1999,"[8, 12, 0]"
2808,1992,"[8, 12, 0]"
2809,1999,"[3, 0, 0]"
2810,1997,"[1, 16, 0]"
2811,1998,"[3, 0, 0]"
2812,1999,"[8, 10, 0]"
2813,1999,"[13, 0, 0]"
2814,1959,"[11, 0, 0]"
2815,1986,"[8, 14, 0]"
2816,1988,"[8, 14, 0]"
2817,1992,"[8, 14, 0]"
2818,1995,"[8, 14, 0]"
2819,1975,"[10, 0, 0]"
2820,1964,"[7, 0, 0]"
2821,1919,"[4, 7, 0]"
2822,1992,"[4, 6, 0]"
2823,1919,"[8, 7, 0]"
2824,1999,"[13, 0, 0]"
2825,1998,"[7, 0, 0]"
2826,1999,"[8, 11, 10]"
2827,1999,"[12, 10, 0]"
2828,1999,"[2, 3, 0]"
2829,1999,"[3, 7, 0]"
2830,1998,"[7, 0, 0]"
2831,1999,"[7, 0, 0]"
2832,1999,"[7, 0, 0]"
2833,1997,"[6, 14, 0]"
2834,1998,"[3, 6, 0]"
2835,1999,"[8, 10, 0]"
2836,1999,"[3, 0, 0]"
2837,1998,"[3, 6, 0]"
2838,1998,"[3, 0, 0]"
2839,1998,"[7, 0, 0]"
2840,1999,"[10, 0, 0]"
2841,1999,"[10, 0, 0]"
2842,1999,"[9, 7, 0]"
2843,1998,"[3, 6, 0]"
2844,1999,"[7, 16, 0]"
2845,1999,"[7, 0, 0]"
2846,1986,"[2, 0, 0]"
2847,1939,"[7, 0, 0]"
2848,1952,"[7, 0, 0]"
2849,1991,"[3, 7, 0]"
2850,1993,"[7, 10, 0]"
2851,1979,"[4, 12, 10]"
2852,1984,"[7, 0, 0]"
2853,1977,"[11, 0, 0]"
2854,1973,"[11, 0, 0]"
2855,1983,"[11, 0, 0]"
2856,1965,"[10, 0, 0]"
2857,1968,"[1, 15, 0]"
2858,1999,"[3, 7, 0]"
2859,1984,"[13, 0, 0]"
2860,1999,"[3, 0, 0]"
2861,1999,"[3, 7, 0]"
2862,1980,"[7, 0, 0]"
2863,1964,"[3, 15, 0]"
2864,1999,"[3, 0, 0]"
2865,1999,"[3, 0, 0]"
2866,1978,"[7, 0, 0]"
2867,1985,"[3, 11, 0]"
2868,1989,"[11, 0, 0]"
2869,1994,"[7, 0, 0]"
2870,1967,"[3, 0, 0]"
2871,1972,"[4, 10, 0]"
2872,1981,"[8, 7, 5]"
2873,1998,"[7, 16, 6]"
2874,1957,"[3, 0, 0]"
2875,1993,"[7, 16, 6]"
2876,1994,"[1, 2, 0]"
2877,1975,"[7, 15, 0]"
2878,1981,"[11, 0, 0]"
2879,1990,"[8, 4, 3]"
2880,1990,"[8, 4, 3]"
2881,1999,"[8, 10, 0]"
2882,1999,"[7, 0, 0]"
2883,1999,"[3, 0, 0]"
2884,1998,"[3, 6, 0]"
2885,1999,"[7, 6, 0]"
2886,1999,"[2, 3, 0]"
2887,1999,"[7, 0, 0]"
2888,1999,"[3, 6, 0]"
2889,1999,"[3, 0, 0]"
2890,1999,"[7, 14, 0]"
2891,1999,"[3, 0, 0]"
2892,1998,"[8, 7, 0]"
2893,1999,"[8, 7, 0]"
2894,1999,"[7, 6, 0]"
2895,1972,"[4, 0, 0]"
2896,1966,"[18, 0, 0]"
2897,1984,"[3, 14, 0]"
2898,1993,"[11, 16, 0]"
2899,1939,"[4, 1, 2]"
2900,1988,"[11, 12, 0]"
2901,1979,"[11, 12, 0]"
2902,1983,"[11, 10, 0]"
2903,1986,"[11, 10, 0]"
2904,1932,"[7, 0, 0]"
2905,1962,"[8, 4, 0]"
2906,1999,"[7, 6, 0]"
2907,1999,"[3, 0, 0]"
2908,1999,"[7, 0, 0]"
2909,1998,"[13, 0, 0]"
2910,1998,"[7, 6, 0]"
2911,1998,"[7, 0, 0]"
2912,1999,"[8, 9, 7]"
2913,1998,"[3, 0, 0]"
2914,1999,"[3, 7, 0]"
2915,1983,"[3, 0, 0]"
2916,1990,"[8, 4, 12]"
2917,1981,"[9, 10, 0]"
2918,1986,"[3, 0, 0]"
2919,1982,"[7, 6, 0]"
2920,1945,"[7, 6, 0]"
2921,1972,"[18, 0, 0]"
2922,1967,"[18, 0, 0]"
2923,1977,"[3, 0, 0]"
2924,1979,"[8, 3, 0]"
2925,1970,"[7, 0, 0]"
2926,1988,"[3, 7, 0]"
2927,1946,"[7, 6, 0]"
2928,1984,"[7, 0, 0]"
2929,1981,"[7, 0, 0]"
2930,1998,"[13, 0, 0]"
2931,1989,"[7, 0, 0]"
2932,1978,"[7, 0, 0]"
2933,1963,"[7, 0, 0]"
2934,1986,"[15, 0, 0]"
2935,1941,"[3, 6, 0]"
2936,1942,"[3, 0, 0]"
2937,1942,"[3, 0, 0]"
2938,1986,"[7, 0, 0]"
2939,1953,"[7, 10, 0]"
2940,1946,"[17, 0, 0]"
2941,1958,"[15, 6, 14]"
2942,1983,"[7, 6, 0]"
2943,1992,"[7, 6, 0]"
2944,1967,"[8, 14, 0]"
2945,1984,"[16, 0, 0]"
2946,1965,"[3, 15, 0]"
2947,1964,"[8, 0, 0]"
2948,1963,"[8, 0, 0]"
2949,1962,"[8, 0, 0]"
2950,1980,"[4, 7, 6]"
2951,1964,"[8, 18, 0]"
2952,1996,"[9, 10, 0]"
2953,1992,"[2, 3, 0]"
2954,1979,"[7, 0, 0]"
2955,1982,"[7, 0, 0]"
2956,1987,"[8, 9, 10]"
2957,1926,"[7, 0, 0]"
2958,1998,"[7, 0, 0]"
2959,1999,"[7, 0, 0]"
2960,1999,"[7, 0, 0]"
2961,1999,"[3, 7, 0]"
2962,1997,"[3, 6, 0]"
2963,1999,"[9, 7, 0]"
2964,1999,"[7, 0, 0]"
2965,1999,"[8, 0, 0]"
2966,1999,"[7, 0, 0]"
2967,1956,"[7, 10, 0]"
2968,1981,"[4, 5, 12]"
2969,1966,"[7, 6, 0]"
2970,1982,"[4, 7, 0]"
2971,1979,"[15, 0, 0]"
2972,1987,"[7, 14, 0]"
2973,1989,"[3, 0, 0]"
2974,1999,"[11, 10, 0]"
2975,1999,"[7, 0, 0]"
2976,1999,"[7, 11, 0]"
2977,1999,"[3, 7, 0]"
2978,1999,"[3, 6, 0]"
2979,1999,"[7, 0, 0]"
2980,1997,"[7, 0, 0]"
2981,1975,"[13, 0, 0]"
2982,1990,"[11, 10, 0]"
2983,1965,"[10, 0, 0]"
2984,1971,"[13, 0, 0]"
2985,1987,"[8, 9, 12]"
2986,1990,"[8, 9, 12]"
2987,1988,"[4, 1, 17]"
2988,1980,"[7, 0, 0]"
2989,1981,"[8, 0, 0]"
2990,1989,"[8, 0, 0]"
2991,1973,"[8, 0, 0]"
2992,1986,"[11, 10, 0]"
2993,1965,"[8, 0, 0]"
2994,1998,"[7, 0, 0]"
2995,1999,"[11, 0, 0]"
2996,1999,"[7, 0, 0]"
2997,1999,"[3, 0, 0]"
2998,1998,"[6, 0, 0]"
2999,1999,"[3, 0, 0]"
3000,1997,"[8, 4, 1]"
3001,1999,"[7, 0, 0]"
3002,1999,"[13, 0, 0]"
3003,1998,"[3, 7, 0]"
3004,1999,"[3, 6, 0]"
3005,1999,"[10, 0, 0]"
3006,1999,"[7, 0, 0]"
3007,1999,"[13, 0, 0]"
3008,1998,"[10, 0, 0]"
3009,1996,"[7, 0, 0]"
3010,1999,"[7, 0, 0]"
3011,1969,"[7, 0, 0]"
3012,1926,"[3, 0, 0]"
3013,1990,"[3, 11, 0]"
3014,1981,"[3, 0, 0]"
3015,1978,"[10, 0, 0]"
3016,1982,"[11, 0, 0]"
3017,1987,"[11, 0, 0]"
3018,1985,"[11, 0, 0]"
3019,1989,"[9, 7, 0]"
3020,1993,"[8, 7, 0]"
3021,1981,"[11, 0, 0]"
3022,1927,"[3, 0, 0]"
3023,1927,"[3, 6, 0]"
3024,1978,"[11, 12, 0]"
3025,1967,"[18, 0, 0]"
3026,1987,"[11, 0, 0]"
3027,1988,"[11, 0, 0]"
3028,1967,"[3, 0, 0]"
3029,1981,"[8, 7, 0]"
3030,1961,"[3, 7, 18]"
3031,1990,"[3, 0, 0]"
3032,1971,"[12, 0, 0]"
3033,1987,"[3, 12, 0]"
3034,1973,"[1, 2, 0]"
3035,1955,"[3, 7, 14]"
3036,1981,"[4, 0, 0]"
3037,1970,"[3, 7, 18]"
3038,1957,"[7, 0, 0]"
3039,1983,"[3, 0, 0]"
3040,1979,"[3, 0, 0]"
3041,1984,"[3, 0, 0]"
3042,1987,"[3, 0, 0]"
3043,1992,"[3, 0, 0]"
3044,1991,"[16, 6, 10]"
3045,1992,"[3, 7, 0]"
3046,1995,"[3, 6, 0]"
3047,1982,"[7, 0, 0]"
3048,1981,"[3, 0, 0]"
3049,1967,"[3, 14, 0]"
3050,1999,"[7, 0, 0]"
3051,1999,"[7, 0, 0]"
3052,1999,"[3, 0, 0]"
3053,1999,"[7, 14, 0]"
3054,1998,"[1, 2, 0]"
3055,1999,"[10, 0, 0]"
3056,1999,"[10, 0, 0]"
3057,1999,"[3, 0, 0]"
3058,1940,"[11, 12, 0]"
3059,1940,"[7, 0, 0]"
3060,1991,"[3, 7, 0]"
3061,1942,"[3, 15, 0]"
3062,1962,"[8, 7, 14]"
3063,1992,"[10, 0, 0]"
3064,1997,"[10, 0, 0]"
3065,1997,"[7, 0, 0]"
3066,1970,"[14, 0, 0]"
3067,1988,"[3, 7, 0]"
3068,1982,"[7, 0, 0]"
3069,1972,"[7, 0, 0]"
3070,1984,"[4, 3, 12]"
3071,1987,"[7, 0, 0]"
3072,1987,"[3, 0, 0]"
3073,1965,"[7, 6, 0]"
3074,1972,"[18, 0, 0]"
3075,1965,"[10, 0, 0]"
3076,1963,"[3, 0, 0]"
3077,1998,"[13, 0, 0]"
3078,1999,"[7, 0, 0]"
3079,1999,"[7, 0, 0]"
3080,1998,"[7, 12, 0]"
3081,1999,"[11, 6, 0]"
3082,1999,"[8, 10, 0]"
3083,1999,"[3, 7, 0]"
3084,1999,"[13, 0, 0]"
3085,1982,"[11, 0, 0]"
3086,1934,"[3, 0, 0]"
3087,1988,"[3, 0, 0]"
3088,1950,"[3, 0, 0]"
3089,1948,"[7, 0, 0]"
3090,1987,"[7, 0, 0]"
3091,1980,"[7, 14, 0]"
3092,1962,"[7, 0, 0]"
3093,1971,"[7, 18, 0]"
3094,1987,"[7, 6, 0]"
3095,1940,"[7, 0, 0]"
3096,1957,"[3, 0, 0]"
3097,1940,"[3, 6, 0]"
3098,1984,"[7, 0, 0]"
3099,1975,"[3, 6, 0]"
3100,1992,"[7, 0, 0]"
3101,1987,"[10, 0, 0]"
3102,1985,"[10, 0, 0]"
3103,1990,"[7, 6, 0]"
3104,1988,"[8, 4, 3]"
3105,1990,"[7, 0, 0]"
3106,1990,"[7, 6, 0]"
3107,1991,"[8, 7, 0]"
3108,1991,"[3, 7, 6]"
3109,1984,"[7, 0, 0]"
3110,1984,"[7, 0, 0]"
3111,1984,"[7, 0, 0]"
3112,1986,"[7, 0, 0]"
3113,1999,"[8, 10, 0]"
3114,1999,"[1, 2, 3]"
3115,1999,"[7, 0, 0]"
3116,1999,"[7, 0, 0]"
3117,1999,"[7, 6, 14]"
3118,1999,"[7, 0, 0]"
3119,1971,"[11, 0, 0]"
3120,1992,"[3, 0, 0]"
3121,1953,"[17, 0, 0]"
3122,1940,"[7, 6, 18]"
3123,1989,"[3, 0, 0]"
3124,1999,"[3, 7, 0]"
3125,1999,"[7, 0, 0]"
3126,1955,"[7, 0, 0]"
3127,1999,"[7, 0, 0]"
3128,1999,"[7, 0, 0]"
3129,1999,"[3, 7, 0]"
3130,1990,"[3, 0, 0]"
3131,1997,"[3, 0, 0]"
3132,1919,"[3, 0, 0]"
3133,1925,"[3, 0, 0]"
3134,1937,"[7, 14, 0]"
3135,1979,"[7, 0, 0]"
3136,1957,"[13, 0, 0]"
3137,1980,"[8, 14, 0]"
3138,1988,"[7, 0, 0]"
3139,1933,"[8, 4, 0]"
3140,1923,"[3, 0, 0]"
3141,1990,"[7, 0, 0]"
3142,1988,"[13, 15, 0]"
3143,1968,"[7, 14, 0]"
3144,1966,"[3, 6, 0]"
3145,1999,"[7, 0, 0]"
3146,1999,"[3, 0, 0]"
3147,1999,"[7, 10, 0]"
3148,1999,"[7, 0, 0]"
3149,1999,"[16, 0, 0]"
3150,1999,"[7, 0, 0]"
3151,1930,"[9, 7, 16]"
3152,1971,"[7, 0, 0]"
3153,1958,"[8, 4, 5]"
3154,1945,"[7, 14, 0]"
3155,1999,"[7, 6, 0]"
3156,1999,"[3, 7, 12]"
3157,1999,"[2, 3, 0]"
3158,1999,"[7, 0, 0]"
3159,1999,"[1, 2, 15]"
3160,1999,"[7, 0, 0]"
3161,1999,"[7, 0, 0]"
3162,1999,"[3, 7, 0]"
3163,1999,"[7, 0, 0]"
3164,1968,"[7, 0, 0]"
3165,1993,"[8, 7, 0]"
3166,1989,"[4, 0, 0]"
3167,1971,"[7, 0, 0]"
3168,1969,"[4, 7, 0]"
3169,1984,"[7, 0, 0]"
3170,1940,"[18, 0, 0]"
3171,1959,"[7, 0, 0]"
3172,1954,"[4, 0, 0]"
3173,1999,"[7, 0, 0]"
3174,1999,"[3, 7, 0]"
3175,1999,"[4, 3, 12]"
3176,1999,"[7, 16, 10]"
3177,1999,"[3, 0, 0]"
3178,1999,"[7, 0, 0]"
3179,1999,"[7, 0, 0]"
3180,1999,"[3, 7, 0]"
3181,1999,"[7, 0, 0]"
3182,1999,"[13, 0, 0]"
3183,1999,"[7, 0, 0]"
3184,1998,"[8, 3, 9]"
3185,1999,"[7, 0, 0]"
3186,1999,"[7, 0, 0]"
3187,1998,"[7, 0, 0]"
3188,1998,"[13, 0, 0]"
3189,1999,"[3, 0, 0]"
3190,2000,"[4, 12, 0]"
3191,1998,"[7, 0, 0]"
3192,1998,"[7, 0, 0]"
3193,1999,"[13, 0, 0]"
3194,1973,"[7, 0, 0]"
3195,1922,"[7, 0, 0]"
3196,1953,"[7, 14, 0]"
3197,1988,"[8, 0, 0]"
3198,1973,"[7, 0, 0]"
3199,1957,"[3, 15, 6]"
3200,1973,"[3, 7, 0]"
3201,1970,"[7, 0, 0]"
3202,1971,"[7, 0, 0]"
3203,1989,"[10, 0, 0]"
3204,1978,"[10, 0, 0]"
3205,1960,"[11, 0, 0]"
3206,1984,"[6, 0, 0]"
3207,1952,"[4, 0, 0]"
3208,1993,"[8, 3, 0]"
3209,1948,"[7, 0, 0]"
3210,1982,"[3, 0, 0]"
3211,1988,"[7, 0, 0]"
3212,1971,"[7, 0, 0]"
3213,1993,"[1, 2, 0]"
3214,1985,"[7, 0, 0]"
3215,1976,"[7, 0, 0]"
3216,1970,"[11, 0, 0]"
3217,1937,"[7, 0, 0]"
3218,1991,"[7, 0, 0]"
3219,1990,"[10, 0, 0]"
3220,1961,"[7, 0, 0]"
3221,1982,"[7, 0, 0]"
3222,1984,"[7, 0, 0]"
3223,1985,"[7, 0, 0]"
3224,1964,"[7, 0, 0]"
3225,2000,"[3, 6, 0]"
3226,1999,"[13, 0, 0]"
3227,1996,"[3, 7, 10]"
3228,1999,"[3, 0, 0]"
3229,1952,"[9, 7, 0]"
3230,1974,"[10, 0, 0]"
3231,1920,"[3, 0, 0]"
3232,1925,"[3, 0, 0]"
3233,1967,"[3, 0, 0]"
3234,1978,"[3, 0, 0]"
3235,1980,"[3, 0, 0]"
3236,1971,"[18, 0, 0]"
3237,1998,"[13, 0, 0]"
3238,1999,"[10, 0, 0]"
3239,2000,"[3, 0, 0]"
3240,1999,"[3, 0, 0]"
3241,1999,"[3, 0, 0]"
3242,1997,"[3, 0, 0]"
3243,1992,"[3, 0, 0]"
3244,1977,"[3, 6, 0]"
3245,1964,"[7, 0, 0]"
3246,1992,"[7, 0, 0]"
3247,1992,"[3, 9, 0]"
3248,1993,"[3, 0, 0]"
3249,1992,"[10, 0, 0]"
3250,1993,"[7, 0, 0]"
3251,1985,"[7, 16, 0]"
3252,1992,"[7, 0, 0]"
3253,1992,"[3, 0, 0]"
3254,1993,"[3, 0, 0]"
3255,1992,"[3, 7, 0]"
3256,1992,"[8, 10, 0]"
3257,1992,"[8, 7, 6]"
3258,1992,"[3, 0, 0]"
3259,1992,"[7, 6, 0]"
3260,1992,"[7, 0, 0]"
3261,1992,"[3, 7, 6]"
3262,1992,"[7, 16, 0]"
3263,1992,"[3, 0, 0]"
3264,1992,"[3, 11, 0]"
3265,1992,"[8, 9, 0]"
3266,1992,"[8, 3, 9]"
3267,1992,"[8, 10, 0]"
3268,1992,"[8, 3, 0]"
3269,1992,"[4, 6, 12]"
3270,1992,"[7, 0, 0]"
3271,1992,"[7, 0, 0]"
3272,1992,"[9, 7, 0]"
3273,2000,"[11, 16, 10]"
3274,1992,"[8, 0, 0]"
3275,1999,"[8, 3, 0]"
3276,2000,"[3, 0, 0]"
3277,1999,"[7, 0, 0]"
3278,1999,"[13, 0, 0]"
3279,1999,"[8, 4, 0]"
3280,1973,"[11, 0, 0]"
3281,1998,"[13, 0, 0]"
3282,1996,"[3, 0, 0]"
3283,1971,"[8, 0, 0]"
3284,1971,"[3, 6, 0]"
3285,2000,"[4, 7, 0]"
3286,2000,"[3, 0, 0]"
3287,2000,"[1, 2, 0]"
3288,1999,"[7, 0, 0]"
3289,1999,"[7, 0, 0]"
3290,1999,"[3, 0, 0]"
3291,2000,"[10, 0, 0]"
3292,1955,"[17, 0, 0]"
3293,1997,"[7, 12, 0]"
3294,1976,"[11, 0, 0]"
3295,1993,"[7, 0, 0]"
3296,1967,"[7, 0, 0]"
3297,1930,"[13, 0, 0]"
3298,2000,"[7, 0, 0]"
3299,2000,"[3, 7, 0]"
3300,2000,"[8, 12, 0]"
3301,2000,"[3, 9, 0]"
3302,1999,"[3, 0, 0]"
3303,1999,"[13, 0, 0]"
3304,1978,"[9, 7, 0]"
3305,1944,"[17, 11, 0]"
3306,1928,"[3, 0, 0]"
3307,1931,"[3, 7, 6]"
3308,1984,"[3, 7, 0]"
3309,1920,"[3, 0, 0]"
3310,1921,"[8, 0, 0]"
3311,1955,"[18, 0, 0]"
3312,1975,"[7, 0, 0]"
3313,1982,"[3, 0, 0]"
3314,1952,"[8, 7, 0]"
3315,1951,"[15, 0, 0]"
3316,2000,"[8, 10, 0]"
3317,2000,"[3, 7, 0]"
3318,1998,"[10, 0, 0]"
3319,1999,"[7, 0, 0]"
3320,1999,"[3, 6, 0]"
3321,2000,"[3, 0, 0]"
3322,2000,"[3, 0, 0]"
3323,2000,"[3, 9, 0]"
3324,2000,"[3, 0, 0]"
3325,2000,"[3, 7, 0]"
3326,2000,"[3, 12, 0]"
3327,2000,"[13, 0, 0]"
3328,1999,"[9, 7, 0]"
3329,1987,"[7, 0, 0]"
3330,1961,"[7, 0, 0]"
3331,1983,"[7, 0, 0]"
3332,1962,"[4, 2, 0]"
3333,1968,"[7, 0, 0]"
3334,1948,"[9, 7, 17]"
3335,1954,"[9, 7, 0]"
3336,1961,"[7, 0, 0]"
3337,1967,"[3, 7, 0]"
3338,1989,"[13, 0, 0]"
3339,1977,"[14, 0, 0]"
3340,1956,"[11, 12, 0]"
3341,1950,"[3, 0, 0]"
3342,1984,"[7, 14, 0]"
3343,1988,"[3, 7, 6]"
3344,1963,"[11, 0, 0]"
3345,1967,"[4, 2, 0]"
3346,1965,"[11, 0, 0]"
3347,1983,"[7, 0, 0]"
3348,1970,"[9, 10, 0]"
3349,1947,"[3, 0, 0]"
3350,1961,"[7, 0, 0]"
3351,1964,"[11, 0, 0]"
3352,1998,"[7, 0, 0]"
3353,2000,"[3, 6, 0]"
3354,2000,"[12, 0, 0]"
3355,2000,"[10, 0, 0]"
3356,2000,"[13, 0, 0]"
3357,1999,"[7, 6, 0]"
3358,1991,"[3, 6, 0]"
3359,1979,"[7, 0, 0]"
3360,1986,"[7, 0, 0]"
3361,1988,"[3, 0, 0]"
3362,1975,"[3, 9, 7]"
3363,1973,"[3, 7, 0]"
3364,1950,"[9, 17, 0]"
3365,1956,"[18, 0, 0]"
3366,1969,"[8, 4, 14]"
3367,1968,"[14, 0, 0]"
3368,1958,"[6, 18, 0]"
3369,1963,"[9, 0, 0]"
3370,1988,"[7, 10, 0]"
3371,1976,"[7, 0, 0]"
3372,1969,"[8, 14, 0]"
3373,1972,"[18, 0, 0]"
3374,1992,"[7, 0, 0]"
3375,1950,"[12, 0, 0]"
3376,1949,"[6, 0, 0]"
3377,1943,"[7, 14, 0]"
3378,1996,"[7, 0, 0]"
3379,1959,"[7, 0, 0]"
3380,1947,"[17, 0, 0]"
3381,1997,"[3, 7, 0]"
3382,1936,"[7, 0, 0]"
3383,1937,"[7, 15, 0]"
3384,1974,"[8, 0, 0]"
3385,1985,"[3, 0, 0]"
3386,1991,"[7, 16, 0]"
3387,1989,"[3, 0, 0]"
3388,1987,"[3, 0, 0]"
3389,1986,"[8, 4, 0]"
3390,1986,"[4, 0, 0]"
3391,1987,"[3, 0, 0]"
3392,1989,"[3, 0, 0]"
3393,1987,"[3, 5, 0]"
3394,1987,"[3, 6, 0]"
3395,1987,"[3, 0, 0]"
3396,1979,"[2, 3, 0]"
3397,1981,"[2, 3, 0]"
3398,1984,"[2, 3, 0]"
3399,1985,"[2, 3, 0]"
3400,1993,"[1, 2, 0]"
3401,1985,"[4, 12, 0]"
3402,1985,"[7, 0, 0]"
3403,1980,"[7, 10, 0]"
3404,1953,"[8, 7, 0]"
3405,1958,"[8, 7, 0]"
3406,1951,"[8, 4, 14]"
3407,1999,"[3, 7, 0]"
3408,2000,"[7, 0, 0]"
3409,2000,"[7, 10, 0]"
3410,1999,"[3, 7, 0]"
3411,1998,"[7, 0, 0]"
3412,1988,"[4, 0, 0]"
3413,1949,"[9, 7, 0]"
3414,1955,"[6, 0, 0]"
3415,1975,"[7, 0, 0]"
3416,1963,"[7, 0, 0]"
3417,1952,"[4, 3, 12]"
3418,1991,"[8, 7, 0]"
3419,1970,"[3, 9, 0]"
3420,1979,"[7, 10, 0]"
3421,1978,"[3, 0, 0]"
3422,1986,"[3, 6, 0]"
3423,1988,"[7, 0, 0]"
3424,1989,"[3, 7, 0]"
3425,1990,"[7, 0, 0]"
3426,1991,"[7, 6, 0]"
3427,1968,"[9, 0, 0]"
3428,1979,"[7, 0, 0]"
3429,1990,"[1, 3, 0]"
3430,1974,"[8, 7, 0]"
3431,1982,"[8, 7, 0]"
3432,1985,"[8, 7, 0]"
3433,1987,"[8, 7, 0]"
3434,1994,"[8, 7, 0]"
3435,1944,"[9, 17, 0]"
3436,1991,"[7, 6, 0]"
3437,1991,"[7, 0, 0]"
3438,1990,"[8, 2, 5]"
3439,1991,"[8, 2, 5]"
3440,1993,"[8, 2, 5]"
3441,1984,"[8, 14, 0]"
3442,1986,"[8, 0, 0]"
3443,1986,"[8, 7, 10]"
3444,1988,"[8, 0, 0]"
3445,1978,"[16, 10, 0]"
3446,1995,"[3, 0, 0]"
3447,1937,"[7, 0, 0]"
3448,1987,"[3, 7, 14]"
3449,1988,"[7, 0, 0]"
3450,1993,"[3, 0, 0]"
3451,1967,"[3, 7, 0]"
3452,2000,"[8, 6, 0]"
3453,2000,"[7, 6, 0]"
3454,2000,"[3, 6, 0]"
3455,1999,"[7, 10, 0]"
3456,1999,"[7, 0, 0]"
3457,1999,"[7, 0, 0]"
3458,1989,"[7, 6, 0]"
3459,1986,"[7, 11, 0]"
3460,1967,"[3, 0, 0]"
3461,1963,"[4, 7, 10]"
3462,1936,"[3, 0, 0]"
3463,1994,"[3, 0, 0]"
3464,1993,"[12, 10, 0]"
3465,1986,"[7, 0, 0]"
3466,1993,"[3, 5, 0]"
3467,1963,"[7, 18, 0]"
3468,1961,"[7, 0, 0]"
3469,1960,"[7, 0, 0]"
3470,1974,"[4, 7, 0]"
3471,1977,"[7, 12, 0]"
3472,1960,"[11, 0, 0]"
3473,1976,"[3, 0, 0]"
3474,1997,"[12, 10, 0]"
3475,1951,"[7, 6, 0]"
3476,1990,"[11, 16, 10]"
3477,1995,"[3, 7, 0]"
3478,1987,"[7, 0, 0]"
3479,1985,"[4, 5, 6]"
3480,1986,"[7, 0, 0]"
3481,2000,"[3, 0, 0]"
3482,2000,"[7, 0, 0]"
3483,2000,"[1, 2, 0]"
3484,2000,"[10, 0, 0]"
3485,1975,"[11, 0, 0]"
3486,1954,"[12, 0, 0]"
3487,1967,"[18, 0, 0]"
3488,1959,"[11, 12, 0]"
3489,1991,"[4, 5, 0]"
3490,1972,"[11, 0, 0]"
3491,1986,"[3, 0, 0]"
3492,1926,"[4, 0, 0]"
3493,1973,"[11, 0, 0]"
3494,1969,"[4, 18, 0]"
3495,1992,"[3, 7, 0]"
3496,1988,"[7, 0, 0]"
3497,1983,"[3, 0, 0]"
3498,1978,"[7, 0, 0]"
3499,1990,"[11, 0, 0]"
3500,1992,"[3, 7, 0]"
3501,1985,"[3, 6, 0]"
3502,1993,"[7, 0, 0]"
3503,1972,"[7, 12, 0]"
3504,1976,"[3, 7, 0]"
3505,1987,"[10, 0, 0]"
3506,1979,"[3, 7, 0]"
3507,1968,"[3, 0, 0]"
3508,1976,"[18, 0, 0]"
3509,1999,"[7, 0, 0]"
3510,2000,"[7, 10, 0]"
3511,2000,"[3, 0, 0]"
3512,2000,"[7, 6, 0]"
3513,2000,"[7, 10, 0]"
3514,2000,"[7, 0, 0]"
3515,2000,"[3, 0, 0]"
3516,1958,"[3, 6, 0]"
3517,1926,"[9, 7, 0]"
3518,1997,"[7, 10, 0]"
3519,1978,"[8, 14, 0]"
3520,1965,"[3, 0, 0]"
3521,1989,"[3, 9, 7]"
3522,1971,"[7, 0, 0]"
3523,1988,"[8, 10, 0]"
3524,1981,"[3, 6, 0]"
3525,1984,"[3, 0, 0]"
3526,1989,"[3, 7, 0]"
3527,1987,"[8, 12, 10]"
3528,1991,"[7, 6, 0]"
3529,1981,"[9, 10, 0]"
3530,1993,"[3, 0, 0]"
3531,1990,"[3, 7, 6]"
3532,1931,"[3, 0, 0]"
3533,1963,"[7, 0, 0]"
3534,2000,"[3, 0, 0]"
3535,2000,"[3, 11, 10]"
3536,2000,"[3, 6, 0]"
3537,2000,"[3, 7, 0]"
3538,1999,"[3, 0, 0]"
3539,2000,"[13, 0, 0]"
3540,1999,"[6, 10, 0]"
3541,1999,"[8, 0, 0]"
3542,1969,"[7, 0, 0]"
3543,1982,"[3, 7, 0]"
3544,1991,"[3, 0, 0]"
3545,1972,"[15, 14, 0]"
3546,1962,"[7, 10, 0]"
3547,1987,"[7, 0, 0]"
3548,1958,"[3, 7, 0]"
3549,1955,"[15, 0, 0]"
3550,1983,"[11, 0, 0]"
3551,1976,"[10, 0, 0]"
3552,1980,"[3, 0, 0]"
3553,2000,"[7, 10, 0]"
3554,2000,"[7, 6, 0]"
3555,2000,"[8, 10, 0]"
3556,1999,"[3, 7, 0]"
3557,1992,"[10, 0, 0]"
3558,1958,"[7, 0, 0]"
3559,1952,"[7, 0, 0]"
3560,1978,"[7, 0, 0]"
3561,1982,"[7, 0, 0]"
3562,2000,"[3, 7, 0]"
3563,2000,"[8, 11, 0]"
3564,2000,"[2, 3, 0]"
3565,2000,"[3, 7, 0]"
3566,2000,"[3, 7, 0]"
3567,1999,"[3, 0, 0]"
3568,1999,"[7, 0, 0]"
3569,1998,"[3, 7, 0]"
3570,1999,"[7, 0, 0]"
3571,2000,"[7, 0, 0]"
3572,1993,"[11, 12, 0]"
3573,1995,"[11, 12, 0]"
3574,1996,"[11, 12, 0]"
3575,1997,"[7, 0, 0]"
3576,1987,"[8, 11, 12]"
3577,1988,"[7, 0, 0]"
3578,2000,"[8, 7, 0]"
3579,2000,"[7, 0, 0]"
3580,2000,"[7, 0, 0]"
3581,1999,"[7, 0, 0]"
3582,2000,"[7, 0, 0]"
3583,1960,"[7, 0, 0]"
3584,1983,"[8, 7, 6]"
3585,1956,"[4, 14, 0]"
3586,1980,"[7, 0, 0]"
3587,1980,"[11, 0, 0]"
3588,1972,"[9, 7, 0]"
3589,1966,"[11, 0, 0]"
3590,1974,"[3, 0, 0]"
3591,1983,"[3, 7, 0]"
3592,1982,"[1, 12, 0]"
3593,2000,"[8, 12, 0]"
3594,2000,"[7, 0, 0]"
3595,2000,"[3, 0, 0]"
3596,2000,"[3, 0, 0]"
3597,2000,"[3, 0, 0]"
3598,2000,"[7, 0, 0]"
3599,1945,"[3, 15, 0]"
3600,1961,"[3, 15, 0]"
3601,1974,"[3, 18, 0]"
3602,1960,"[15, 0, 0]"
3603,1969,"[3, 0, 0]"
3604,1962,"[15, 0, 0]"
3605,1958,"[7, 15, 0]"
3606,1949,"[15, 0, 0]"
3607,1973,"[3, 7, 18]"
3608,1985,"[3, 0, 0]"
3609,1998,"[13, 0, 0]"
3610,1964,"[15, 0, 0]"
3611,1943,"[1, 2, 3]"
3612,1976,"[4, 15, 6]"
3613,1988,"[3, 0, 0]"
3614,1992,"[3, 6, 0]"
3615,2000,"[1, 2, 0]"
3616,2000,"[3, 6, 0]"
3617,2000,"[3, 0, 0]"
3618,2000,"[3, 0, 0]"
3619,1980,"[3, 0, 0]"
3620,1997,"[3, 7, 0]"
3621,1981,"[7, 11, 0]"
3622,1970,"[3, 0, 0]"
3623,2000,"[8, 10, 0]"
3624,2000,"[8, 0, 0]"
3625,1999,"[13, 0, 0]"
3626,1999,"[3, 0, 0]"
3627,1962,"[11, 10, 0]"
3628,1942,"[8, 7, 14]"
3629,1925,"[3, 0, 0]"
3630,1974,"[11, 0, 0]"
3631,1998,"[3, 0, 0]"
3632,1947,"[3, 0, 0]"
3633,1969,"[8, 0, 0]"
3634,1964,"[10, 0, 0]"
3635,1977,"[8, 0, 0]"
3636,1998,"[7, 0, 0]"
3637,1985,"[7, 0, 0]"
3638,1979,"[8, 6, 12]"
3639,1974,"[8, 0, 0]"
3640,1957,"[3, 7, 0]"
3641,1923,"[7, 0, 0]"
3642,1942,"[18, 0, 0]"
3643,1944,"[8, 7, 14]"
3644,1940,"[18, 0, 0]"
3645,1962,"[7, 0, 0]"
3646,2000,"[3, 0, 0]"
3647,2000,"[7, 0, 0]"
3648,1957,"[11, 12, 0]"
3649,1980,"[7, 0, 0]"
3650,1986,"[11, 0, 0]"
3651,1972,"[11, 0, 0]"
3652,1980,"[11, 0, 0]"
3653,1966,"[13, 0, 0]"
3654,1961,"[8, 7, 14]"
3655,1973,"[7, 0, 0]"
3656,1947,"[9, 0, 0]"
3657,1951,"[7, 0, 0]"
3658,1967,"[12, 0, 0]"
3659,1957,"[12, 10, 0]"
3660,1989,"[11, 12, 10]"
3661,1990,"[11, 12, 10]"
3662,1991,"[11, 12, 10]"
3663,1993,"[11, 12, 10]"
3664,1994,"[11, 12, 10]"
3665,1998,"[11, 12, 10]"
3666,1999,"[11, 12, 10]"
3667,1988,"[8, 3, 0]"
3668,1968,"[7, 6, 0]"
3669,1992,"[3, 0, 0]"
3670,1945,"[14, 0, 0]"
3671,1974,"[3, 18, 0]"
3672,1974,"[4, 2, 0]"
3673,1987,"[4, 2, 0]"
3674,1977,"[4, 2, 0]"
3675,1954,"[15, 0, 0]"
3676,1977,"[7, 11, 0]"
3677,1992,"[13, 0, 0]"
3678,1955,"[7, 0, 0]"
3679,1981,"[13, 0, 0]"
3680,1988,"[13, 0, 0]"
3681,1965,"[18, 0, 0]"
3682,1973,"[18, 0, 0]"
3683,1984,"[7, 17, 0]"
3684,1989,"[7, 6, 0]"
3685,1985,"[3, 7, 6]"
3686,1990,"[10, 0, 0]"
3687,1988,"[12, 0, 0]"
3688,1981,"[3, 0, 0]"
3689,1983,"[3, 0, 0]"
3690,1985,"[3, 0, 0]"
3691,1983,"[3, 0, 0]"
3692,1986,"[3, 11, 0]"
3693,1985,"[3, 11, 0]"
3694,1989,"[3, 11, 0]"
3695,1989,"[3, 11, 0]"
3696,1986,"[3, 11, 12]"
3697,1990,"[8, 12, 10]"
3698,1987,"[8, 4, 12]"
3699,1984,"[4, 7, 6]"
3700,1984,"[7, 12, 0]"
3701,1988,"[9, 7, 12]"
3702,1979,"[8, 12, 0]"
3703,1981,"[8, 12, 0]"
3704,1985,"[8, 12, 0]"
3705,1990,"[8, 4, 6]"
3706,1987,"[17, 16, 10]"
3707,1986,"[7, 0, 0]"
3708,1984,"[11, 10, 0]"
3709,1992,"[11, 0, 0]"
3710,1988,"[8, 3, 0]"
3711,1992,"[7, 0, 0]"
3712,1991,"[3, 0, 0]"
3713,1990,"[7, 0, 0]"
3714,1988,"[7, 0, 0]"
3715,1987,"[3, 0, 0]"
3716,1987,"[8, 9, 0]"
3717,2000,"[8, 9, 0]"
3718,1999,"[13, 0, 0]"
3719,2000,"[3, 6, 0]"
3720,1999,"[7, 0, 0]"
3721,1999,"[3, 0, 0]"
3722,1999,"[3, 0, 0]"
3723,1990,"[7, 0, 0]"
3724,1978,"[7, 14, 0]"
3725,1981,"[1, 15, 0]"
3726,1976,"[8, 10, 0]"
3727,1987,"[3, 11, 0]"
3728,1991,"[10, 0, 0]"
3729,1971,"[8, 9, 0]"
3730,1974,"[7, 16, 0]"
3731,1981,"[7, 10, 0]"
3732,1978,"[11, 0, 0]"
3733,1973,"[7, 0, 0]"
3734,1981,"[7, 0, 0]"
3735,1973,"[9, 7, 0]"
3736,1951,"[7, 0, 0]"
3737,1962,"[7, 18, 0]"
3738,1974,"[7, 0, 0]"
3739,1932,"[3, 6, 0]"
3740,1986,"[8, 3, 0]"
3741,1973,"[9, 7, 0]"
3742,1925,"[7, 14, 0]"
3743,2000,"[3, 6, 0]"
3744,2000,"[8, 9, 0]"
3745,2000,"[4, 1, 12]"
3746,2000,"[7, 14, 0]"
3747,1999,"[7, 0, 0]"
3748,1999,"[3, 6, 0]"
3749,1999,"[7, 0, 0]"
3750,2000,"[7, 0, 0]"
3751,2000,"[1, 2, 3]"
3752,2000,"[3, 0, 0]"
3753,2000,"[8, 7, 14]"
3754,2000,"[1, 2, 3]"
3755,2000,"[8, 4, 10]"
3756,2000,"[7, 0, 0]"
3757,1972,"[11, 0, 0]"
3758,1989,"[7, 12, 10]"
3759,1947,"[1, 2, 15]"
3760,1977,"[3, 0, 0]"
3761,1993,"[9, 7, 0]"
3762,1957,"[11, 0, 0]"
3763,1986,"[8, 9, 10]"
3764,1992,"[8, 9, 10]"
3765,1990,"[7, 6, 0]"
3766,1984,"[8, 14, 0]"
3767,1985,"[8, 14, 0]"
3768,1988,"[8, 14, 0]"
3769,1974,"[8, 0, 0]"
3770,1984,"[4, 9, 12]"
3771,1974,"[8, 4, 0]"
3772,1969,"[11, 0, 0]"
3773,1990,"[3, 0, 0]"
3774,1991,"[3, 0, 0]"
3775,1946,"[1, 2, 15]"
3776,1948,"[1, 2, 15]"
3777,1987,"[3, 11, 0]"
3778,1948,"[3, 7, 0]"
3779,1953,"[12, 0, 0]"
3780,1950,"[12, 0, 0]"
3781,1973,"[8, 9, 0]"
3782,1972,"[8, 9, 0]"
3783,1998,"[9, 7, 0]"
3784,2000,"[3, 0, 0]"
3785,2000,"[3, 11, 0]"
3786,1999,"[3, 0, 0]"
3787,1999,"[3, 0, 0]"
3788,1966,"[7, 16, 0]"
3789,1965,"[7, 0, 0]"
3790,2000,"[7, 0, 0]"
3791,1984,"[7, 0, 0]"
3792,1946,"[18, 0, 0]"
3793,2000,"[8, 12, 0]"
3794,2000,"[3, 7, 0]"
3795,1999,"[7, 0, 0]"
3796,2000,"[6, 10, 0]"
3797,2000,"[10, 0, 0]"
3798,2000,"[10, 0, 0]"
3799,2000,"[1, 2, 0]"
3800,1999,"[7, 6, 0]"
3801,1959,"[7, 16, 0]"
3802,1992,"[8, 12, 0]"
3803,1972,"[7, 0, 0]"
3804,1979,"[3, 0, 0]"
3805,1981,"[8, 4, 7]"
3806,1969,"[18, 0, 0]"
3807,1977,"[8, 4, 0]"
3808,1961,"[7, 14, 0]"
3809,1991,"[3, 0, 0]"
3810,1992,"[7, 10, 0]"
3811,1980,"[7, 14, 0]"
3812,1972,"[3, 0, 0]"
3813,1978,"[7, 0, 0]"
3814,1975,"[3, 0, 0]"
3816,1985,"[7, 0, 0]"
3817,1996,"[3, 7, 0]"
3818,1941,"[3, 15, 0]"
3819,1986,"[3, 0, 0]"
3820,2000,"[2, 0, 0]"
3821,2000,"[3, 0, 0]"
3822,1999,"[7, 6, 0]"
3823,1999,"[7, 0, 0]"
3824,2000,"[7, 6, 0]"
3825,2000,"[7, 0, 0]"
3826,2000,"[11, 12, 10]"
3827,2000,"[8, 12, 0]"
3828,1998,"[3, 0, 0]"
3829,2000,"[3, 6, 0]"
3830,2000,"[3, 11, 10]"
3831,2000,"[3, 0, 0]"
3832,1963,"[11, 0, 0]"
3833,1962,"[11, 12, 0]"
3834,1980,"[4, 7, 6]"
3835,1993,"[10, 0, 0]"
3836,1970,"[8, 3, 14]"
3837,1988,"[11, 0, 0]"
3838,1994,"[11, 0, 0]"
3839,1998,"[11, 0, 0]"
3840,1988,"[11, 0, 0]"
3841,1990,"[8, 3, 0]"
3842,1980,"[11, 0, 0]"
3843,1983,"[11, 0, 0]"
3844,1989,"[7, 0, 0]"
3845,1956,"[7, 0, 0]"
3846,1983,"[3, 0, 0]"
3847,1974,"[11, 0, 0]"
3848,1994,"[7, 10, 0]"
3849,1946,"[10, 0, 0]"
3850,1969,"[9, 10, 0]"
3851,2000,"[3, 0, 0]"
3852,2000,"[3, 0, 0]"
3853,1998,"[7, 0, 0]"
3854,1999,"[7, 6, 0]"
3855,1999,"[7, 6, 0]"
3856,1999,"[7, 0, 0]"
3857,2000,"[10, 0, 0]"
3858,2000,"[3, 0, 0]"
3859,2000,"[13, 0, 0]"
3860,1999,"[9, 0, 0]"
3861,2000,"[3, 0, 0]"
3862,2000,"[3, 0, 0]"
3863,2000,"[12, 10, 0]"
3864,1999,"[8, 4, 12]"
3865,2000,"[3, 13, 0]"
3866,2000,"[3, 0, 0]"
3867,1999,"[7, 0, 0]"
3868,1988,"[3, 0, 0]"
3869,1991,"[3, 0, 0]"
3870,1940,"[7, 0, 0]"
3871,1953,"[7, 18, 0]"
3872,1959,"[7, 0, 0]"
3873,1965,"[3, 18, 0]"
3874,1996,"[3, 6, 0]"
3875,1968,"[11, 0, 0]"
3876,1998,"[7, 0, 0]"
3877,1984,"[8, 4, 5]"
3878,1956,"[12, 0, 0]"
3879,2000,"[8, 0, 0]"
3880,2000,"[13, 0, 0]"
3881,2000,"[13, 0, 0]"
3882,2000,"[3, 0, 0]"
3883,2000,"[3, 7, 0]"
3884,2000,"[3, 0, 0]"
3885,2000,"[3, 6, 0]"
3886,2000,"[7, 0, 0]"
3887,1998,"[7, 0, 0]"
3888,2000,"[7, 6, 0]"
3889,2000,"[8, 4, 5]"
3890,2000,"[13, 0, 0]"
3891,2000,"[9, 7, 0]"
3892,2000,"[11, 0, 0]"
3893,2000,"[3, 10, 0]"
3894,1999,"[7, 0, 0]"
3895,2000,"[9, 10, 0]"
3896,2000,"[9, 10, 0]"
3897,2000,"[3, 7, 0]"
3898,2000,"[8, 3, 0]"
3899,2000,"[3, 0, 0]"
3900,2000,"[3, 7, 0]"
3901,2000,"[3, 7, 0]"
3902,1999,"[7, 0, 0]"
3903,2000,"[7, 0, 0]"
3904,2000,"[7, 0, 0]"
3905,2000,"[3, 0, 0]"
3906,2000,"[9, 0, 0]"
3907,1999,"[7, 0, 0]"
3908,2000,"[11, 0, 0]"
3909,2000,"[3, 6, 0]"
3910,2000,"[7, 15, 0]"
3911,2000,"[3, 0, 0]"
3912,2000,"[3, 7, 0]"
3913,1999,"[13, 0, 0]"
3914,2000,"[7, 0, 0]"
3915,2000,"[7, 0, 0]"
3916,2000,"[7, 0, 0]"
3917,1987,"[11, 0, 0]"
3918,1988,"[11, 0, 0]"
3919,1992,"[11, 0, 0]"
3920,1993,"[7, 5, 0]"
3921,1963,"[3, 0, 0]"
3922,1964,"[3, 0, 0]"
3923,1959,"[11, 12, 0]"
3924,1964,"[3, 0, 0]"
3925,1984,"[3, 0, 0]"
3926,1961,"[4, 12, 0]"
3927,1966,"[4, 12, 0]"
3928,1948,"[3, 11, 0]"
3929,1940,"[3, 0, 0]"
3930,1954,"[11, 0, 0]"
3931,1959,"[11, 12, 0]"
3932,1933,"[11, 12, 0]"
3933,1959,"[11, 12, 0]"
3934,1957,"[12, 0, 0]"
3935,1973,"[11, 0, 0]"
3936,1943,"[7, 10, 0]"
3937,1984,"[12, 10, 0]"
3938,1982,"[11, 0, 0]"
3939,1987,"[11, 0, 0]"
3940,1990,"[11, 0, 0]"
3941,1986,"[11, 0, 0]"
3942,1990,"[11, 0, 0]"
3943,2000,"[3, 0, 0]"
3944,2000,"[3, 7, 0]"
3945,2000,"[4, 1, 2]"
3946,2000,"[8, 7, 10]"
3947,1971,"[10, 0, 0]"
3948,2000,"[3, 0, 0]"
3949,2000,"[7, 0, 0]"
3950,2000,"[7, 0, 0]"
3951,2000,"[7, 0, 0]"
3952,2000,"[7, 10, 0]"
